-- phpMyAdmin SQL Dump
-- version 5.2.1
-- https://www.phpmyadmin.net/
--
-- Servidor: 127.0.0.1
-- Tiempo de generación: 13-06-2025 a las 15:37:23
-- Versión del servidor: 10.4.32-MariaDB
-- Versión de PHP: 8.2.12

SET SQL_MODE = "NO_AUTO_VALUE_ON_ZERO";
START TRANSACTION;
SET time_zone = "+00:00";


/*!40101 SET @OLD_CHARACTER_SET_CLIENT=@@CHARACTER_SET_CLIENT */;
/*!40101 SET @OLD_CHARACTER_SET_RESULTS=@@CHARACTER_SET_RESULTS */;
/*!40101 SET @OLD_COLLATION_CONNECTION=@@COLLATION_CONNECTION */;
/*!40101 SET NAMES utf8mb4 */;

--
-- Base de datos: `api_anab`
--

-- --------------------------------------------------------

--
-- Estructura de tabla para la tabla `empleados`
--

CREATE TABLE `empleados` (
  `id` bigint(20) UNSIGNED NOT NULL,
  `name` varchar(100) NOT NULL,
  `email` varchar(100) NOT NULL,
  `password` varchar(255) NOT NULL,
  `rol` enum('empleado','administrador') NOT NULL DEFAULT 'empleado',
  `image` varchar(255) DEFAULT NULL,
  `created_at` timestamp NULL DEFAULT NULL,
  `updated_at` timestamp NULL DEFAULT NULL
) ENGINE=InnoDB DEFAULT CHARSET=utf8mb4 COLLATE=utf8mb4_unicode_ci;

--
-- Volcado de datos para la tabla `empleados`
--

INSERT INTO `empleados` (`id`, `name`, `email`, `password`, `rol`, `image`, `created_at`, `updated_at`) VALUES
(1, 'Administrador Principal', 'admin@empleado.com', '$2y$12$yrVSYSqWCumu.C2fGmgtS.cQBAPXCeKICTySgnhACnHJ.i6xZ8J.e', 'administrador', 'empleados/ydBNnaHD4sh37sTrXzGypVSTpMUSlkqiJznbwzA9.jpg', '2025-06-09 06:05:44', '2025-06-09 06:23:14'),
(6, 'Oscar Sanchez Avellan', 'oscar.sanchez.avellan@rmg.com', '$2y$12$nIKM7hHrTRCISnv/Da8PjO2U0D/TKivPzP65MBMX8OITa4xxTrh9K', 'empleado', 'empleados/iAbEYcSlvvLXiks6AHBYwIgCAMtCkLiwocE1DLK8.png', '2025-06-09 07:34:42', '2025-06-13 11:06:41'),
(9, 'Daniel Carvajal', 'daniel.carvajal@rmg.com', '$2y$12$L9Ar8Rr7AX3XVtbCWLUmSeYWvYgeRcVlNP8k.a534th6mv0EUMuUq', 'empleado', 'empleados/zWsyTQqVAvffKfc0SU09RZRqAtQfFGGuLBn4YI1Y.png', '2025-06-13 07:53:43', '2025-06-13 08:21:10'),
(10, 'Raul Asencio', 'raul.asencio@excon.com', '$2y$12$a27FrUnNK5ZuVepKIbWG8uFSkiXFggNlpJqTEWA60tAghbETrkT4K', 'empleado', 'empleados/Ypx1fv8KXcsjnkqfKAhVq9U2rrntk6sRU1Khnz7u.png', '2025-06-13 07:57:39', '2025-06-13 10:53:42'),
(11, 'Fran Garcia', 'fran.garcia@aridos.com', '$2y$12$Fy4jxAQINYL.6Ymq7SXEUefjOGbMq10MZk4UVEVx0tzUY5C6oXq3q', 'empleado', 'empleados/0lPjZwJGqXvg8YW4qrM1Xg4BEjMsLF6LINDZzZqc.jpg', '2025-06-13 07:57:52', '2025-06-13 10:54:23'),
(12, 'Dani Ceballos', 'dani.ceballos@excon.com', '$2y$12$GKULUX.pj.yHgWWaBiYMZ.8omDXJP9Z4BqsrF4RFzXUz/bk.KD/96', 'empleado', 'empleados/E156UJZ1QjIAWDvXxSigBEe17nKCYAZTiNNidCqM.png', '2025-06-13 07:58:21', '2025-06-13 10:54:34'),
(13, 'Brahim Diaz', 'brahim.diaz@aridos.com', '$2y$12$MVUEjhq7uWnVbaiXntRx4uSlPgOgQczttv2BSLliIzR86TC3cu07S', 'empleado', 'empleados/Zx5XYXQnmbdm7ru8bYZdSDE6s1YPGBG29S0ZFieG.png', '2025-06-13 07:58:47', '2025-06-13 10:54:57'),
(14, 'Kylian Mbappe', 'kylian.mbappe@rmg.com', '$2y$12$rAOq81e0UpEPQ31VTl.VuuqoZSOaQiMXZxYCWtDb3NDXM03NFdWwe', 'empleado', 'empleados/70LIY8QIInlAAymzUSTJvW92ez9KiYGV5PBlHVmk.png', '2025-06-13 08:00:35', '2025-06-13 10:55:13');

-- --------------------------------------------------------

--
-- Estructura de tabla para la tabla `empresas`
--

CREATE TABLE `empresas` (
  `id_empresa` bigint(20) UNSIGNED NOT NULL,
  `nombre` varchar(100) NOT NULL,
  `cif` varchar(9) NOT NULL,
  `direccion` text NOT NULL,
  `imagen` varchar(255) DEFAULT NULL,
  `description` text DEFAULT NULL,
  `created_at` timestamp NULL DEFAULT NULL,
  `updated_at` timestamp NULL DEFAULT NULL
) ENGINE=InnoDB DEFAULT CHARSET=utf8mb4 COLLATE=utf8mb4_unicode_ci;

--
-- Volcado de datos para la tabla `empresas`
--

INSERT INTO `empresas` (`id_empresa`, `nombre`, `cif`, `direccion`, `imagen`, `description`, `created_at`, `updated_at`) VALUES
(1, 'EXCON', 'B12345678', 'Calle Mayor 123, 28001 Madrid, España', 'empresas/9VvtriPQOeGHYeWrihhJeLPyNq9ro6o6VsCdY541.png', 'Empresa líder en soluciones tecnológicas para pequeñas y medianas empresas. Especializada en desarrollo de software, consultoría IT y servicios en la nube.', '2025-06-09 06:05:44', '2025-06-09 06:20:19'),
(2, 'RMG', 'A87654321', 'Avenida Tecnología 456, 08001 Barcelona, España', 'empresas/ynH8Y5tcikKy2VfrWzA78aTIld0lHRQTIOmT8VD0.png', 'Compañía especializada en transformación digital e innovación tecnológica. Ofrece servicios de consultoría estratégica, desarrollo de productos digitales y marketing online.', '2025-06-09 06:05:44', '2025-06-09 06:20:37'),
(3, 'ARIDOS', 'B11223344', 'Plaza de España 789, 41001 Sevilla, España', 'empresas/lFkJWijtEGPMJ1MNqKUydc5CDCokEInmHInKqphN.png', 'Firma de consultoría empresarial con más de 15 años de experiencia. Especializada en asesoramiento financiero, recursos humanos y optimización de procesos de negocio.', '2025-06-09 06:05:44', '2025-06-09 06:20:43');

-- --------------------------------------------------------

--
-- Estructura de tabla para la tabla `failed_jobs`
--

CREATE TABLE `failed_jobs` (
  `id` bigint(20) UNSIGNED NOT NULL,
  `uuid` varchar(255) NOT NULL,
  `connection` text NOT NULL,
  `queue` text NOT NULL,
  `payload` longtext NOT NULL,
  `exception` longtext NOT NULL,
  `failed_at` timestamp NOT NULL DEFAULT current_timestamp()
) ENGINE=InnoDB DEFAULT CHARSET=utf8mb4 COLLATE=utf8mb4_unicode_ci;

-- --------------------------------------------------------

--
-- Estructura de tabla para la tabla `horarios`
--

CREATE TABLE `horarios` (
  `id_horario` bigint(20) UNSIGNED NOT NULL,
  `id_empleado` bigint(20) UNSIGNED NOT NULL,
  `fecha` date NOT NULL,
  `hora_inicio` time NOT NULL,
  `hora_fin` time NOT NULL,
  `estado` enum('pendiente','aceptado','rechazado') NOT NULL DEFAULT 'pendiente',
  `created_at` timestamp NULL DEFAULT NULL,
  `updated_at` timestamp NULL DEFAULT NULL
) ENGINE=InnoDB DEFAULT CHARSET=utf8mb4 COLLATE=utf8mb4_unicode_ci;

--
-- Volcado de datos para la tabla `horarios`
--

INSERT INTO `horarios` (`id_horario`, `id_empleado`, `fecha`, `hora_inicio`, `hora_fin`, `estado`, `created_at`, `updated_at`) VALUES
(1559, 6, '2025-06-02', '08:00:00', '16:00:00', 'aceptado', '2025-06-08 08:10:34', '2025-06-08 08:10:34'),
(1560, 6, '2025-06-03', '08:00:00', '16:00:00', 'aceptado', '2025-06-08 08:10:34', '2025-06-08 08:10:34'),
(1561, 6, '2025-06-04', '08:00:00', '16:00:00', 'aceptado', '2025-06-08 08:10:34', '2025-06-08 08:10:34'),
(1562, 6, '2025-06-05', '08:00:00', '16:00:00', 'aceptado', '2025-06-08 08:10:34', '2025-06-08 08:10:34'),
(1563, 6, '2025-06-06', '08:00:00', '16:00:00', 'aceptado', '2025-06-08 08:10:34', '2025-06-08 08:10:34'),
(1564, 6, '2025-06-09', '08:00:00', '16:00:00', 'aceptado', '2025-06-08 08:10:34', '2025-06-08 08:10:34'),
(1565, 6, '2025-06-10', '08:00:00', '16:00:00', 'aceptado', '2025-06-08 08:10:34', '2025-06-08 08:10:34'),
(1566, 6, '2025-06-11', '08:00:00', '16:00:00', 'aceptado', '2025-06-08 08:10:34', '2025-06-08 08:10:34'),
(1567, 6, '2025-06-12', '08:00:00', '16:00:00', 'aceptado', '2025-06-08 08:10:34', '2025-06-08 08:10:34'),
(1568, 6, '2025-06-13', '08:00:00', '16:00:00', 'aceptado', '2025-06-08 08:10:34', '2025-06-08 08:10:34'),
(1569, 6, '2025-06-16', '08:00:00', '16:00:00', 'aceptado', '2025-06-08 08:10:34', '2025-06-08 08:10:34'),
(1570, 6, '2025-06-17', '08:00:00', '16:00:00', 'aceptado', '2025-06-08 08:10:34', '2025-06-08 08:10:34'),
(1571, 6, '2025-06-18', '08:00:00', '16:00:00', 'aceptado', '2025-06-08 08:10:34', '2025-06-08 08:10:34'),
(1572, 6, '2025-06-19', '08:00:00', '16:00:00', 'aceptado', '2025-06-08 08:10:34', '2025-06-08 08:10:34'),
(1573, 6, '2025-06-20', '08:00:00', '16:00:00', 'aceptado', '2025-06-08 08:10:34', '2025-06-08 08:10:34'),
(1574, 6, '2025-06-23', '08:00:00', '16:00:00', 'aceptado', '2025-06-08 08:10:34', '2025-06-08 08:10:34'),
(1575, 6, '2025-06-24', '08:00:00', '16:00:00', 'aceptado', '2025-06-08 08:10:34', '2025-06-08 08:10:34'),
(1576, 6, '2025-06-25', '08:00:00', '16:00:00', 'aceptado', '2025-06-08 08:10:34', '2025-06-08 08:10:34'),
(1577, 6, '2025-06-26', '08:00:00', '16:00:00', 'aceptado', '2025-06-08 08:10:34', '2025-06-08 08:10:34'),
(1578, 6, '2025-06-27', '08:00:00', '16:00:00', 'aceptado', '2025-06-08 08:10:34', '2025-06-08 08:10:34'),
(1579, 6, '2025-06-30', '08:00:00', '16:00:00', 'aceptado', '2025-06-08 08:10:34', '2025-06-08 08:10:34'),
(1580, 6, '2025-07-01', '08:00:00', '16:00:00', 'aceptado', '2025-06-08 08:10:34', '2025-06-08 08:10:34'),
(1581, 6, '2025-07-02', '08:00:00', '16:00:00', 'aceptado', '2025-06-08 08:10:34', '2025-06-08 08:10:34'),
(1582, 6, '2025-07-03', '08:00:00', '16:00:00', 'aceptado', '2025-06-08 08:10:34', '2025-06-08 08:10:34'),
(1583, 6, '2025-07-04', '08:00:00', '16:00:00', 'aceptado', '2025-06-08 08:10:34', '2025-06-08 08:10:34'),
(1584, 6, '2025-07-07', '08:00:00', '16:00:00', 'aceptado', '2025-06-08 08:10:34', '2025-06-08 08:10:34'),
(1585, 6, '2025-07-08', '08:00:00', '16:00:00', 'aceptado', '2025-06-08 08:10:34', '2025-06-08 08:10:34'),
(1586, 6, '2025-07-09', '08:00:00', '16:00:00', 'aceptado', '2025-06-08 08:10:34', '2025-06-08 08:10:34'),
(1587, 6, '2025-07-10', '08:00:00', '16:00:00', 'aceptado', '2025-06-08 08:10:34', '2025-06-08 08:10:34'),
(1588, 6, '2025-07-11', '08:00:00', '16:00:00', 'aceptado', '2025-06-08 08:10:34', '2025-06-08 08:10:34'),
(1589, 6, '2025-07-14', '08:00:00', '16:00:00', 'aceptado', '2025-06-08 08:10:34', '2025-06-08 08:10:34'),
(1590, 6, '2025-07-15', '08:00:00', '16:00:00', 'aceptado', '2025-06-08 08:10:34', '2025-06-08 08:10:34'),
(1591, 6, '2025-07-16', '08:00:00', '16:00:00', 'aceptado', '2025-06-08 08:10:34', '2025-06-08 08:10:34'),
(1592, 6, '2025-07-17', '08:00:00', '16:00:00', 'aceptado', '2025-06-08 08:10:34', '2025-06-08 08:10:34'),
(1593, 6, '2025-07-18', '08:00:00', '16:00:00', 'aceptado', '2025-06-08 08:10:34', '2025-06-08 08:10:34'),
(1594, 6, '2025-07-21', '08:00:00', '16:00:00', 'aceptado', '2025-06-08 08:10:34', '2025-06-08 08:10:34'),
(1595, 6, '2025-07-22', '08:00:00', '16:00:00', 'aceptado', '2025-06-08 08:10:34', '2025-06-08 08:10:34'),
(1596, 6, '2025-07-23', '08:00:00', '16:00:00', 'aceptado', '2025-06-08 08:10:34', '2025-06-08 08:10:34'),
(1597, 6, '2025-07-24', '08:00:00', '16:00:00', 'aceptado', '2025-06-08 08:10:34', '2025-06-08 08:10:34'),
(1598, 6, '2025-07-25', '08:00:00', '16:00:00', 'aceptado', '2025-06-08 08:10:34', '2025-06-08 08:10:34'),
(1599, 6, '2025-07-28', '08:00:00', '16:00:00', 'aceptado', '2025-06-08 08:10:34', '2025-06-08 08:10:34'),
(1600, 6, '2025-07-29', '08:00:00', '16:00:00', 'aceptado', '2025-06-08 08:10:34', '2025-06-08 08:10:34'),
(1601, 6, '2025-07-30', '08:00:00', '16:00:00', 'aceptado', '2025-06-08 08:10:34', '2025-06-08 08:10:34'),
(1602, 6, '2025-07-31', '08:00:00', '16:00:00', 'aceptado', '2025-06-08 08:10:34', '2025-06-08 08:10:34'),
(1603, 6, '2025-08-01', '08:00:00', '16:00:00', 'aceptado', '2025-06-08 08:10:34', '2025-06-08 08:10:34'),
(1604, 6, '2025-08-04', '08:00:00', '16:00:00', 'aceptado', '2025-06-08 08:10:34', '2025-06-08 08:10:34'),
(1605, 6, '2025-08-05', '08:00:00', '16:00:00', 'aceptado', '2025-06-08 08:10:34', '2025-06-08 08:10:34'),
(1606, 6, '2025-08-06', '08:00:00', '16:00:00', 'aceptado', '2025-06-08 08:10:34', '2025-06-08 08:10:34'),
(1607, 6, '2025-08-07', '08:00:00', '16:00:00', 'aceptado', '2025-06-08 08:10:34', '2025-06-08 08:10:34'),
(1608, 6, '2025-08-08', '08:00:00', '16:00:00', 'aceptado', '2025-06-08 08:10:34', '2025-06-08 08:10:34'),
(1609, 6, '2025-08-11', '08:00:00', '16:00:00', 'aceptado', '2025-06-08 08:10:34', '2025-06-08 08:10:34'),
(1610, 6, '2025-08-12', '08:00:00', '16:00:00', 'aceptado', '2025-06-08 08:10:34', '2025-06-08 08:10:34'),
(1611, 6, '2025-08-13', '08:00:00', '16:00:00', 'aceptado', '2025-06-08 08:10:34', '2025-06-08 08:10:34'),
(1612, 6, '2025-08-14', '08:00:00', '16:00:00', 'aceptado', '2025-06-08 08:10:34', '2025-06-08 08:10:34'),
(1613, 6, '2025-08-15', '08:00:00', '16:00:00', 'aceptado', '2025-06-08 08:10:34', '2025-06-08 08:10:34'),
(1614, 6, '2025-08-18', '08:00:00', '16:00:00', 'aceptado', '2025-06-08 08:10:34', '2025-06-08 08:10:34'),
(1615, 6, '2025-08-19', '08:00:00', '16:00:00', 'aceptado', '2025-06-08 08:10:34', '2025-06-08 08:10:34'),
(1616, 6, '2025-08-20', '08:00:00', '16:00:00', 'aceptado', '2025-06-08 08:10:34', '2025-06-08 08:10:34'),
(1617, 6, '2025-08-21', '08:00:00', '16:00:00', 'aceptado', '2025-06-08 08:10:34', '2025-06-08 08:10:34'),
(1618, 6, '2025-08-22', '08:00:00', '16:00:00', 'aceptado', '2025-06-08 08:10:34', '2025-06-08 08:10:34'),
(1619, 6, '2025-08-25', '08:00:00', '16:00:00', 'aceptado', '2025-06-08 08:10:34', '2025-06-08 08:10:34'),
(1620, 6, '2025-08-26', '08:00:00', '16:00:00', 'aceptado', '2025-06-08 08:10:34', '2025-06-08 08:10:34'),
(1621, 6, '2025-08-27', '08:00:00', '16:00:00', 'aceptado', '2025-06-08 08:10:34', '2025-06-08 08:10:34'),
(1622, 6, '2025-08-28', '08:00:00', '16:00:00', 'aceptado', '2025-06-08 08:10:34', '2025-06-08 08:10:34'),
(1623, 6, '2025-08-29', '08:00:00', '16:00:00', 'aceptado', '2025-06-08 08:10:34', '2025-06-08 08:10:34'),
(1624, 9, '2025-06-02', '08:00:00', '16:00:00', 'aceptado', '2025-06-08 08:10:34', '2025-06-08 08:10:34'),
(1625, 9, '2025-06-03', '08:00:00', '16:00:00', 'aceptado', '2025-06-08 08:10:34', '2025-06-08 08:10:34'),
(1626, 9, '2025-06-04', '08:00:00', '16:00:00', 'aceptado', '2025-06-08 08:10:34', '2025-06-08 08:10:34'),
(1627, 9, '2025-06-05', '08:00:00', '16:00:00', 'aceptado', '2025-06-08 08:10:34', '2025-06-08 08:10:34'),
(1628, 9, '2025-06-06', '08:00:00', '16:00:00', 'aceptado', '2025-06-08 08:10:34', '2025-06-08 08:10:34'),
(1629, 9, '2025-06-09', '08:00:00', '16:00:00', 'aceptado', '2025-06-08 08:10:34', '2025-06-08 08:10:34'),
(1630, 9, '2025-06-10', '08:00:00', '16:00:00', 'aceptado', '2025-06-08 08:10:34', '2025-06-08 08:10:34'),
(1631, 9, '2025-06-11', '08:00:00', '16:00:00', 'aceptado', '2025-06-08 08:10:34', '2025-06-08 08:10:34'),
(1632, 9, '2025-06-12', '08:00:00', '16:00:00', 'aceptado', '2025-06-08 08:10:34', '2025-06-08 08:10:34'),
(1633, 9, '2025-06-13', '08:00:00', '16:00:00', 'aceptado', '2025-06-08 08:10:34', '2025-06-08 08:10:34'),
(1634, 9, '2025-06-16', '08:00:00', '16:00:00', 'aceptado', '2025-06-08 08:10:34', '2025-06-08 08:10:34'),
(1635, 9, '2025-06-17', '08:00:00', '16:00:00', 'aceptado', '2025-06-08 08:10:34', '2025-06-08 08:10:34'),
(1636, 9, '2025-06-18', '08:00:00', '16:00:00', 'aceptado', '2025-06-08 08:10:34', '2025-06-08 08:10:34'),
(1637, 9, '2025-06-19', '08:00:00', '16:00:00', 'aceptado', '2025-06-08 08:10:34', '2025-06-08 08:10:34'),
(1638, 9, '2025-06-20', '08:00:00', '16:00:00', 'aceptado', '2025-06-08 08:10:34', '2025-06-08 08:10:34'),
(1639, 9, '2025-06-23', '08:00:00', '16:00:00', 'aceptado', '2025-06-08 08:10:34', '2025-06-08 08:10:34'),
(1640, 9, '2025-06-24', '08:00:00', '16:00:00', 'aceptado', '2025-06-08 08:10:34', '2025-06-08 08:10:34'),
(1641, 9, '2025-06-25', '08:00:00', '16:00:00', 'aceptado', '2025-06-08 08:10:34', '2025-06-08 08:10:34'),
(1642, 9, '2025-06-26', '08:00:00', '16:00:00', 'aceptado', '2025-06-08 08:10:34', '2025-06-08 08:10:34'),
(1643, 9, '2025-06-27', '08:00:00', '16:00:00', 'aceptado', '2025-06-08 08:10:34', '2025-06-08 08:10:34'),
(1644, 9, '2025-06-30', '08:00:00', '16:00:00', 'aceptado', '2025-06-08 08:10:34', '2025-06-08 08:10:34'),
(1645, 9, '2025-07-01', '08:00:00', '16:00:00', 'aceptado', '2025-06-08 08:10:34', '2025-06-08 08:10:34'),
(1646, 9, '2025-07-02', '08:00:00', '16:00:00', 'aceptado', '2025-06-08 08:10:34', '2025-06-08 08:10:34'),
(1647, 9, '2025-07-03', '08:00:00', '16:00:00', 'aceptado', '2025-06-08 08:10:34', '2025-06-08 08:10:34'),
(1648, 9, '2025-07-04', '08:00:00', '16:00:00', 'aceptado', '2025-06-08 08:10:34', '2025-06-08 08:10:34'),
(1649, 9, '2025-07-07', '08:00:00', '16:00:00', 'aceptado', '2025-06-08 08:10:34', '2025-06-08 08:10:34'),
(1650, 9, '2025-07-08', '08:00:00', '16:00:00', 'aceptado', '2025-06-08 08:10:34', '2025-06-08 08:10:34'),
(1651, 9, '2025-07-09', '08:00:00', '16:00:00', 'aceptado', '2025-06-08 08:10:34', '2025-06-08 08:10:34'),
(1652, 9, '2025-07-10', '08:00:00', '16:00:00', 'aceptado', '2025-06-08 08:10:34', '2025-06-08 08:10:34'),
(1653, 9, '2025-07-11', '08:00:00', '16:00:00', 'aceptado', '2025-06-08 08:10:34', '2025-06-08 08:10:34'),
(1654, 9, '2025-07-14', '08:00:00', '16:00:00', 'aceptado', '2025-06-08 08:10:34', '2025-06-08 08:10:34'),
(1655, 9, '2025-07-15', '08:00:00', '16:00:00', 'aceptado', '2025-06-08 08:10:34', '2025-06-08 08:10:34'),
(1656, 9, '2025-07-16', '08:00:00', '16:00:00', 'aceptado', '2025-06-08 08:10:34', '2025-06-08 08:10:34'),
(1657, 9, '2025-07-17', '08:00:00', '16:00:00', 'aceptado', '2025-06-08 08:10:34', '2025-06-08 08:10:34'),
(1658, 9, '2025-07-18', '08:00:00', '16:00:00', 'aceptado', '2025-06-08 08:10:34', '2025-06-08 08:10:34'),
(1659, 9, '2025-07-21', '08:00:00', '16:00:00', 'aceptado', '2025-06-08 08:10:34', '2025-06-08 08:10:34'),
(1660, 9, '2025-07-22', '08:00:00', '16:00:00', 'aceptado', '2025-06-08 08:10:34', '2025-06-08 08:10:34'),
(1661, 9, '2025-07-23', '08:00:00', '16:00:00', 'aceptado', '2025-06-08 08:10:34', '2025-06-08 08:10:34'),
(1662, 9, '2025-07-24', '08:00:00', '16:00:00', 'aceptado', '2025-06-08 08:10:34', '2025-06-08 08:10:34'),
(1663, 9, '2025-07-25', '08:00:00', '16:00:00', 'aceptado', '2025-06-08 08:10:34', '2025-06-08 08:10:34'),
(1664, 9, '2025-07-28', '08:00:00', '16:00:00', 'aceptado', '2025-06-08 08:10:34', '2025-06-08 08:10:34'),
(1665, 9, '2025-07-29', '08:00:00', '16:00:00', 'aceptado', '2025-06-08 08:10:34', '2025-06-08 08:10:34'),
(1666, 9, '2025-07-30', '08:00:00', '16:00:00', 'aceptado', '2025-06-08 08:10:34', '2025-06-08 08:10:34'),
(1667, 9, '2025-07-31', '08:00:00', '16:00:00', 'aceptado', '2025-06-08 08:10:34', '2025-06-08 08:10:34'),
(1668, 9, '2025-08-01', '08:00:00', '16:00:00', 'aceptado', '2025-06-08 08:10:34', '2025-06-08 08:10:34'),
(1669, 9, '2025-08-04', '08:00:00', '16:00:00', 'aceptado', '2025-06-08 08:10:34', '2025-06-08 08:10:34'),
(1670, 9, '2025-08-05', '08:00:00', '16:00:00', 'aceptado', '2025-06-08 08:10:34', '2025-06-08 08:10:34'),
(1671, 9, '2025-08-06', '08:00:00', '16:00:00', 'aceptado', '2025-06-08 08:10:34', '2025-06-08 08:10:34'),
(1672, 9, '2025-08-07', '08:00:00', '16:00:00', 'aceptado', '2025-06-08 08:10:34', '2025-06-08 08:10:34'),
(1673, 9, '2025-08-08', '08:00:00', '16:00:00', 'aceptado', '2025-06-08 08:10:34', '2025-06-08 08:10:34'),
(1674, 9, '2025-08-11', '08:00:00', '16:00:00', 'aceptado', '2025-06-08 08:10:34', '2025-06-08 08:10:34'),
(1675, 9, '2025-08-12', '08:00:00', '16:00:00', 'aceptado', '2025-06-08 08:10:34', '2025-06-08 08:10:34'),
(1676, 9, '2025-08-13', '08:00:00', '16:00:00', 'aceptado', '2025-06-08 08:10:34', '2025-06-08 08:10:34'),
(1677, 9, '2025-08-14', '08:00:00', '16:00:00', 'aceptado', '2025-06-08 08:10:34', '2025-06-08 08:10:34'),
(1678, 9, '2025-08-15', '08:00:00', '16:00:00', 'aceptado', '2025-06-08 08:10:34', '2025-06-08 08:10:34'),
(1679, 9, '2025-08-18', '08:00:00', '16:00:00', 'aceptado', '2025-06-08 08:10:34', '2025-06-08 08:10:34'),
(1680, 9, '2025-08-19', '08:00:00', '16:00:00', 'aceptado', '2025-06-08 08:10:34', '2025-06-08 08:10:34'),
(1681, 9, '2025-08-20', '08:00:00', '16:00:00', 'aceptado', '2025-06-08 08:10:34', '2025-06-08 08:10:34'),
(1682, 9, '2025-08-21', '08:00:00', '16:00:00', 'aceptado', '2025-06-08 08:10:34', '2025-06-08 08:10:34'),
(1683, 9, '2025-08-22', '08:00:00', '16:00:00', 'aceptado', '2025-06-08 08:10:34', '2025-06-08 08:10:34'),
(1684, 9, '2025-08-25', '08:00:00', '16:00:00', 'aceptado', '2025-06-08 08:10:34', '2025-06-08 08:10:34'),
(1685, 9, '2025-08-26', '08:00:00', '16:00:00', 'aceptado', '2025-06-08 08:10:34', '2025-06-08 08:10:34'),
(1686, 9, '2025-08-27', '08:00:00', '16:00:00', 'aceptado', '2025-06-08 08:10:34', '2025-06-08 08:10:34'),
(1687, 9, '2025-08-28', '08:00:00', '16:00:00', 'aceptado', '2025-06-08 08:10:34', '2025-06-08 08:10:34'),
(1688, 9, '2025-08-29', '08:00:00', '16:00:00', 'aceptado', '2025-06-08 08:10:34', '2025-06-08 08:10:34'),
(1689, 10, '2025-06-02', '08:00:00', '16:00:00', 'aceptado', '2025-06-08 08:10:34', '2025-06-08 08:10:34'),
(1690, 10, '2025-06-03', '08:00:00', '16:00:00', 'aceptado', '2025-06-08 08:10:34', '2025-06-08 08:10:34'),
(1691, 10, '2025-06-04', '08:00:00', '16:00:00', 'aceptado', '2025-06-08 08:10:34', '2025-06-08 08:10:34'),
(1692, 10, '2025-06-05', '08:00:00', '16:00:00', 'aceptado', '2025-06-08 08:10:34', '2025-06-08 08:10:34'),
(1693, 10, '2025-06-06', '08:00:00', '16:00:00', 'aceptado', '2025-06-08 08:10:34', '2025-06-08 08:10:34'),
(1694, 10, '2025-06-09', '08:00:00', '16:00:00', 'aceptado', '2025-06-08 08:10:34', '2025-06-08 08:10:34'),
(1695, 10, '2025-06-10', '08:00:00', '16:00:00', 'aceptado', '2025-06-08 08:10:34', '2025-06-08 08:10:34'),
(1696, 10, '2025-06-11', '08:00:00', '16:00:00', 'aceptado', '2025-06-08 08:10:34', '2025-06-08 08:10:34'),
(1697, 10, '2025-06-12', '08:00:00', '16:00:00', 'aceptado', '2025-06-08 08:10:34', '2025-06-08 08:10:34'),
(1698, 10, '2025-06-13', '08:00:00', '16:00:00', 'aceptado', '2025-06-08 08:10:34', '2025-06-08 08:10:34'),
(1699, 10, '2025-06-16', '08:00:00', '16:00:00', 'aceptado', '2025-06-08 08:10:34', '2025-06-08 08:10:34'),
(1700, 10, '2025-06-17', '08:00:00', '16:00:00', 'aceptado', '2025-06-08 08:10:34', '2025-06-08 08:10:34'),
(1701, 10, '2025-06-18', '08:00:00', '16:00:00', 'aceptado', '2025-06-08 08:10:34', '2025-06-08 08:10:34'),
(1702, 10, '2025-06-19', '08:00:00', '16:00:00', 'aceptado', '2025-06-08 08:10:34', '2025-06-08 08:10:34'),
(1703, 10, '2025-06-20', '08:00:00', '16:00:00', 'aceptado', '2025-06-08 08:10:34', '2025-06-08 08:10:34'),
(1704, 10, '2025-06-23', '08:00:00', '16:00:00', 'aceptado', '2025-06-08 08:10:34', '2025-06-08 08:10:34'),
(1705, 10, '2025-06-24', '08:00:00', '16:00:00', 'aceptado', '2025-06-08 08:10:34', '2025-06-08 08:10:34'),
(1706, 10, '2025-06-25', '08:00:00', '16:00:00', 'aceptado', '2025-06-08 08:10:34', '2025-06-08 08:10:34'),
(1707, 10, '2025-06-26', '08:00:00', '16:00:00', 'aceptado', '2025-06-08 08:10:34', '2025-06-08 08:10:34'),
(1708, 10, '2025-06-27', '08:00:00', '16:00:00', 'aceptado', '2025-06-08 08:10:34', '2025-06-08 08:10:34'),
(1709, 10, '2025-06-30', '08:00:00', '16:00:00', 'aceptado', '2025-06-08 08:10:34', '2025-06-08 08:10:34'),
(1710, 10, '2025-07-01', '08:00:00', '16:00:00', 'aceptado', '2025-06-08 08:10:34', '2025-06-08 08:10:34'),
(1711, 10, '2025-07-02', '08:00:00', '16:00:00', 'aceptado', '2025-06-08 08:10:34', '2025-06-08 08:10:34'),
(1712, 10, '2025-07-03', '08:00:00', '16:00:00', 'aceptado', '2025-06-08 08:10:34', '2025-06-08 08:10:34'),
(1713, 10, '2025-07-04', '08:00:00', '16:00:00', 'aceptado', '2025-06-08 08:10:34', '2025-06-08 08:10:34'),
(1714, 10, '2025-07-07', '08:00:00', '16:00:00', 'aceptado', '2025-06-08 08:10:34', '2025-06-08 08:10:34'),
(1715, 10, '2025-07-08', '08:00:00', '16:00:00', 'aceptado', '2025-06-08 08:10:34', '2025-06-08 08:10:34'),
(1716, 10, '2025-07-09', '08:00:00', '16:00:00', 'aceptado', '2025-06-08 08:10:34', '2025-06-08 08:10:34'),
(1717, 10, '2025-07-10', '08:00:00', '16:00:00', 'aceptado', '2025-06-08 08:10:34', '2025-06-08 08:10:34'),
(1718, 10, '2025-07-11', '08:00:00', '16:00:00', 'aceptado', '2025-06-08 08:10:34', '2025-06-08 08:10:34'),
(1719, 10, '2025-07-14', '08:00:00', '16:00:00', 'aceptado', '2025-06-08 08:10:34', '2025-06-08 08:10:34'),
(1720, 10, '2025-07-15', '08:00:00', '16:00:00', 'aceptado', '2025-06-08 08:10:34', '2025-06-08 08:10:34'),
(1721, 10, '2025-07-16', '08:00:00', '16:00:00', 'aceptado', '2025-06-08 08:10:34', '2025-06-08 08:10:34'),
(1722, 10, '2025-07-17', '08:00:00', '16:00:00', 'aceptado', '2025-06-08 08:10:34', '2025-06-08 08:10:34'),
(1723, 10, '2025-07-18', '08:00:00', '16:00:00', 'aceptado', '2025-06-08 08:10:34', '2025-06-08 08:10:34'),
(1724, 10, '2025-07-21', '08:00:00', '16:00:00', 'aceptado', '2025-06-08 08:10:34', '2025-06-08 08:10:34'),
(1725, 10, '2025-07-22', '08:00:00', '16:00:00', 'aceptado', '2025-06-08 08:10:34', '2025-06-08 08:10:34'),
(1726, 10, '2025-07-23', '08:00:00', '16:00:00', 'aceptado', '2025-06-08 08:10:34', '2025-06-08 08:10:34'),
(1727, 10, '2025-07-24', '08:00:00', '16:00:00', 'aceptado', '2025-06-08 08:10:34', '2025-06-08 08:10:34'),
(1728, 10, '2025-07-25', '08:00:00', '16:00:00', 'aceptado', '2025-06-08 08:10:34', '2025-06-08 08:10:34'),
(1729, 10, '2025-07-28', '08:00:00', '16:00:00', 'aceptado', '2025-06-08 08:10:34', '2025-06-08 08:10:34'),
(1730, 10, '2025-07-29', '08:00:00', '16:00:00', 'aceptado', '2025-06-08 08:10:34', '2025-06-08 08:10:34'),
(1731, 10, '2025-07-30', '08:00:00', '16:00:00', 'aceptado', '2025-06-08 08:10:34', '2025-06-08 08:10:34'),
(1732, 10, '2025-07-31', '08:00:00', '16:00:00', 'aceptado', '2025-06-08 08:10:34', '2025-06-08 08:10:34'),
(1733, 10, '2025-08-01', '08:00:00', '16:00:00', 'aceptado', '2025-06-08 08:10:34', '2025-06-08 08:10:34'),
(1734, 10, '2025-08-04', '08:00:00', '16:00:00', 'aceptado', '2025-06-08 08:10:34', '2025-06-08 08:10:34'),
(1735, 10, '2025-08-05', '08:00:00', '16:00:00', 'aceptado', '2025-06-08 08:10:34', '2025-06-08 08:10:34'),
(1736, 10, '2025-08-06', '08:00:00', '16:00:00', 'aceptado', '2025-06-08 08:10:34', '2025-06-08 08:10:34'),
(1737, 10, '2025-08-07', '08:00:00', '16:00:00', 'aceptado', '2025-06-08 08:10:34', '2025-06-08 08:10:34'),
(1738, 10, '2025-08-08', '08:00:00', '16:00:00', 'aceptado', '2025-06-08 08:10:34', '2025-06-08 08:10:34'),
(1739, 10, '2025-08-11', '08:00:00', '16:00:00', 'aceptado', '2025-06-08 08:10:34', '2025-06-08 08:10:34'),
(1740, 10, '2025-08-12', '08:00:00', '16:00:00', 'aceptado', '2025-06-08 08:10:34', '2025-06-08 08:10:34'),
(1741, 10, '2025-08-13', '08:00:00', '16:00:00', 'aceptado', '2025-06-08 08:10:34', '2025-06-08 08:10:34'),
(1742, 10, '2025-08-14', '08:00:00', '16:00:00', 'aceptado', '2025-06-08 08:10:34', '2025-06-08 08:10:34'),
(1743, 10, '2025-08-15', '08:00:00', '16:00:00', 'aceptado', '2025-06-08 08:10:34', '2025-06-08 08:10:34'),
(1744, 10, '2025-08-18', '08:00:00', '16:00:00', 'aceptado', '2025-06-08 08:10:34', '2025-06-08 08:10:34'),
(1745, 10, '2025-08-19', '08:00:00', '16:00:00', 'aceptado', '2025-06-08 08:10:34', '2025-06-08 08:10:34'),
(1746, 10, '2025-08-20', '08:00:00', '16:00:00', 'aceptado', '2025-06-08 08:10:34', '2025-06-08 08:10:34'),
(1747, 10, '2025-08-21', '08:00:00', '16:00:00', 'aceptado', '2025-06-08 08:10:34', '2025-06-08 08:10:34'),
(1748, 10, '2025-08-22', '08:00:00', '16:00:00', 'aceptado', '2025-06-08 08:10:34', '2025-06-08 08:10:34'),
(1749, 10, '2025-08-25', '08:00:00', '16:00:00', 'aceptado', '2025-06-08 08:10:34', '2025-06-08 08:10:34'),
(1750, 10, '2025-08-26', '08:00:00', '16:00:00', 'aceptado', '2025-06-08 08:10:34', '2025-06-08 08:10:34'),
(1751, 10, '2025-08-27', '08:00:00', '16:00:00', 'aceptado', '2025-06-08 08:10:34', '2025-06-08 08:10:34'),
(1752, 10, '2025-08-28', '08:00:00', '16:00:00', 'aceptado', '2025-06-08 08:10:34', '2025-06-08 08:10:34'),
(1753, 10, '2025-08-29', '08:00:00', '16:00:00', 'aceptado', '2025-06-08 08:10:34', '2025-06-08 08:10:34'),
(1754, 11, '2025-06-02', '08:00:00', '16:00:00', 'aceptado', '2025-06-08 08:10:34', '2025-06-08 08:10:34'),
(1755, 11, '2025-06-03', '08:00:00', '16:00:00', 'aceptado', '2025-06-08 08:10:34', '2025-06-08 08:10:34'),
(1756, 11, '2025-06-04', '08:00:00', '16:00:00', 'aceptado', '2025-06-08 08:10:34', '2025-06-08 08:10:34'),
(1757, 11, '2025-06-05', '08:00:00', '16:00:00', 'aceptado', '2025-06-08 08:10:34', '2025-06-08 08:10:34'),
(1758, 11, '2025-06-06', '08:00:00', '16:00:00', 'aceptado', '2025-06-08 08:10:34', '2025-06-08 08:10:34'),
(1759, 11, '2025-06-09', '08:00:00', '16:00:00', 'aceptado', '2025-06-08 08:10:34', '2025-06-08 08:10:34'),
(1760, 11, '2025-06-10', '08:00:00', '16:00:00', 'aceptado', '2025-06-08 08:10:34', '2025-06-08 08:10:34'),
(1761, 11, '2025-06-11', '08:00:00', '16:00:00', 'aceptado', '2025-06-08 08:10:34', '2025-06-08 08:10:34'),
(1762, 11, '2025-06-12', '08:00:00', '16:00:00', 'aceptado', '2025-06-08 08:10:34', '2025-06-08 08:10:34'),
(1763, 11, '2025-06-13', '08:00:00', '16:00:00', 'aceptado', '2025-06-08 08:10:34', '2025-06-08 08:10:34'),
(1764, 11, '2025-06-16', '08:00:00', '16:00:00', 'aceptado', '2025-06-08 08:10:34', '2025-06-08 08:10:34'),
(1765, 11, '2025-06-17', '08:00:00', '16:00:00', 'aceptado', '2025-06-08 08:10:34', '2025-06-08 08:10:34'),
(1766, 11, '2025-06-18', '08:00:00', '16:00:00', 'aceptado', '2025-06-08 08:10:34', '2025-06-08 08:10:34'),
(1767, 11, '2025-06-19', '08:00:00', '16:00:00', 'aceptado', '2025-06-08 08:10:34', '2025-06-08 08:10:34'),
(1768, 11, '2025-06-20', '08:00:00', '16:00:00', 'aceptado', '2025-06-08 08:10:34', '2025-06-08 08:10:34'),
(1769, 11, '2025-06-23', '08:00:00', '16:00:00', 'aceptado', '2025-06-08 08:10:34', '2025-06-08 08:10:34'),
(1770, 11, '2025-06-24', '08:00:00', '16:00:00', 'aceptado', '2025-06-08 08:10:34', '2025-06-08 08:10:34'),
(1771, 11, '2025-06-25', '08:00:00', '16:00:00', 'aceptado', '2025-06-08 08:10:34', '2025-06-08 08:10:34'),
(1772, 11, '2025-06-26', '08:00:00', '16:00:00', 'aceptado', '2025-06-08 08:10:34', '2025-06-08 08:10:34'),
(1773, 11, '2025-06-27', '08:00:00', '16:00:00', 'aceptado', '2025-06-08 08:10:34', '2025-06-08 08:10:34'),
(1774, 11, '2025-06-30', '08:00:00', '16:00:00', 'aceptado', '2025-06-08 08:10:34', '2025-06-08 08:10:34'),
(1775, 11, '2025-07-01', '08:00:00', '16:00:00', 'aceptado', '2025-06-08 08:10:34', '2025-06-08 08:10:34'),
(1776, 11, '2025-07-02', '08:00:00', '16:00:00', 'aceptado', '2025-06-08 08:10:34', '2025-06-08 08:10:34'),
(1777, 11, '2025-07-03', '08:00:00', '16:00:00', 'aceptado', '2025-06-08 08:10:34', '2025-06-08 08:10:34'),
(1778, 11, '2025-07-04', '08:00:00', '16:00:00', 'aceptado', '2025-06-08 08:10:34', '2025-06-08 08:10:34'),
(1779, 11, '2025-07-07', '08:00:00', '16:00:00', 'aceptado', '2025-06-08 08:10:34', '2025-06-08 08:10:34'),
(1780, 11, '2025-07-08', '08:00:00', '16:00:00', 'aceptado', '2025-06-08 08:10:34', '2025-06-08 08:10:34'),
(1781, 11, '2025-07-09', '08:00:00', '16:00:00', 'aceptado', '2025-06-08 08:10:34', '2025-06-08 08:10:34'),
(1782, 11, '2025-07-10', '08:00:00', '16:00:00', 'aceptado', '2025-06-08 08:10:34', '2025-06-08 08:10:34'),
(1783, 11, '2025-07-11', '08:00:00', '16:00:00', 'aceptado', '2025-06-08 08:10:34', '2025-06-08 08:10:34'),
(1784, 11, '2025-07-14', '08:00:00', '16:00:00', 'aceptado', '2025-06-08 08:10:34', '2025-06-08 08:10:34'),
(1785, 11, '2025-07-15', '08:00:00', '16:00:00', 'aceptado', '2025-06-08 08:10:34', '2025-06-08 08:10:34'),
(1786, 11, '2025-07-16', '08:00:00', '16:00:00', 'aceptado', '2025-06-08 08:10:34', '2025-06-08 08:10:34'),
(1787, 11, '2025-07-17', '08:00:00', '16:00:00', 'aceptado', '2025-06-08 08:10:34', '2025-06-08 08:10:34'),
(1788, 11, '2025-07-18', '08:00:00', '16:00:00', 'aceptado', '2025-06-08 08:10:34', '2025-06-08 08:10:34'),
(1789, 11, '2025-07-21', '08:00:00', '16:00:00', 'aceptado', '2025-06-08 08:10:34', '2025-06-08 08:10:34'),
(1790, 11, '2025-07-22', '08:00:00', '16:00:00', 'aceptado', '2025-06-08 08:10:34', '2025-06-08 08:10:34'),
(1791, 11, '2025-07-23', '08:00:00', '16:00:00', 'aceptado', '2025-06-08 08:10:34', '2025-06-08 08:10:34'),
(1792, 11, '2025-07-24', '08:00:00', '16:00:00', 'aceptado', '2025-06-08 08:10:34', '2025-06-08 08:10:34'),
(1793, 11, '2025-07-25', '08:00:00', '16:00:00', 'aceptado', '2025-06-08 08:10:34', '2025-06-08 08:10:34'),
(1794, 11, '2025-07-28', '08:00:00', '16:00:00', 'aceptado', '2025-06-08 08:10:34', '2025-06-08 08:10:34'),
(1795, 11, '2025-07-29', '08:00:00', '16:00:00', 'aceptado', '2025-06-08 08:10:34', '2025-06-08 08:10:34'),
(1796, 11, '2025-07-30', '08:00:00', '16:00:00', 'aceptado', '2025-06-08 08:10:34', '2025-06-08 08:10:34'),
(1797, 11, '2025-07-31', '08:00:00', '16:00:00', 'aceptado', '2025-06-08 08:10:34', '2025-06-08 08:10:34'),
(1798, 11, '2025-08-01', '08:00:00', '16:00:00', 'aceptado', '2025-06-08 08:10:34', '2025-06-08 08:10:34'),
(1799, 11, '2025-08-04', '08:00:00', '16:00:00', 'aceptado', '2025-06-08 08:10:34', '2025-06-08 08:10:34'),
(1800, 11, '2025-08-05', '08:00:00', '16:00:00', 'aceptado', '2025-06-08 08:10:34', '2025-06-08 08:10:34'),
(1801, 11, '2025-08-06', '08:00:00', '16:00:00', 'aceptado', '2025-06-08 08:10:34', '2025-06-08 08:10:34'),
(1802, 11, '2025-08-07', '08:00:00', '16:00:00', 'aceptado', '2025-06-08 08:10:34', '2025-06-08 08:10:34'),
(1803, 11, '2025-08-08', '08:00:00', '16:00:00', 'aceptado', '2025-06-08 08:10:34', '2025-06-08 08:10:34'),
(1804, 11, '2025-08-11', '08:00:00', '16:00:00', 'aceptado', '2025-06-08 08:10:34', '2025-06-08 08:10:34'),
(1805, 11, '2025-08-12', '08:00:00', '16:00:00', 'aceptado', '2025-06-08 08:10:34', '2025-06-08 08:10:34'),
(1806, 11, '2025-08-13', '08:00:00', '16:00:00', 'aceptado', '2025-06-08 08:10:34', '2025-06-08 08:10:34'),
(1807, 11, '2025-08-14', '08:00:00', '16:00:00', 'aceptado', '2025-06-08 08:10:34', '2025-06-08 08:10:34'),
(1808, 11, '2025-08-15', '08:00:00', '16:00:00', 'aceptado', '2025-06-08 08:10:34', '2025-06-08 08:10:34'),
(1809, 11, '2025-08-18', '08:00:00', '16:00:00', 'aceptado', '2025-06-08 08:10:34', '2025-06-08 08:10:34'),
(1810, 11, '2025-08-19', '08:00:00', '16:00:00', 'aceptado', '2025-06-08 08:10:34', '2025-06-08 08:10:34'),
(1811, 11, '2025-08-20', '08:00:00', '16:00:00', 'aceptado', '2025-06-08 08:10:34', '2025-06-08 08:10:34'),
(1812, 11, '2025-08-21', '08:00:00', '16:00:00', 'aceptado', '2025-06-08 08:10:34', '2025-06-08 08:10:34'),
(1813, 11, '2025-08-22', '08:00:00', '16:00:00', 'aceptado', '2025-06-08 08:10:34', '2025-06-08 08:10:34'),
(1814, 11, '2025-08-25', '08:00:00', '16:00:00', 'aceptado', '2025-06-08 08:10:34', '2025-06-08 08:10:34'),
(1815, 11, '2025-08-26', '08:00:00', '16:00:00', 'aceptado', '2025-06-08 08:10:34', '2025-06-08 08:10:34'),
(1816, 11, '2025-08-27', '08:00:00', '16:00:00', 'aceptado', '2025-06-08 08:10:34', '2025-06-08 08:10:34'),
(1817, 11, '2025-08-28', '08:00:00', '16:00:00', 'aceptado', '2025-06-08 08:10:34', '2025-06-08 08:10:34'),
(1818, 11, '2025-08-29', '08:00:00', '16:00:00', 'aceptado', '2025-06-08 08:10:34', '2025-06-08 08:10:34'),
(1819, 12, '2025-06-02', '08:00:00', '16:00:00', 'aceptado', '2025-06-08 08:10:34', '2025-06-08 08:10:34'),
(1820, 12, '2025-06-03', '08:00:00', '16:00:00', 'aceptado', '2025-06-08 08:10:34', '2025-06-08 08:10:34'),
(1821, 12, '2025-06-04', '08:00:00', '16:00:00', 'aceptado', '2025-06-08 08:10:34', '2025-06-08 08:10:34'),
(1822, 12, '2025-06-05', '08:00:00', '16:00:00', 'aceptado', '2025-06-08 08:10:34', '2025-06-08 08:10:34'),
(1823, 12, '2025-06-06', '08:00:00', '16:00:00', 'aceptado', '2025-06-08 08:10:34', '2025-06-08 08:10:34'),
(1824, 12, '2025-06-09', '08:00:00', '16:00:00', 'aceptado', '2025-06-08 08:10:34', '2025-06-08 08:10:34'),
(1825, 12, '2025-06-10', '08:00:00', '16:00:00', 'aceptado', '2025-06-08 08:10:34', '2025-06-08 08:10:34'),
(1826, 12, '2025-06-11', '08:00:00', '16:00:00', 'aceptado', '2025-06-08 08:10:34', '2025-06-08 08:10:34'),
(1827, 12, '2025-06-12', '08:00:00', '16:00:00', 'aceptado', '2025-06-08 08:10:34', '2025-06-08 08:10:34'),
(1828, 12, '2025-06-13', '08:00:00', '16:00:00', 'aceptado', '2025-06-08 08:10:34', '2025-06-08 08:10:34'),
(1829, 12, '2025-06-16', '08:00:00', '16:00:00', 'aceptado', '2025-06-08 08:10:34', '2025-06-08 08:10:34'),
(1830, 12, '2025-06-17', '08:00:00', '16:00:00', 'aceptado', '2025-06-08 08:10:34', '2025-06-08 08:10:34'),
(1831, 12, '2025-06-18', '08:00:00', '16:00:00', 'aceptado', '2025-06-08 08:10:34', '2025-06-08 08:10:34'),
(1832, 12, '2025-06-19', '08:00:00', '16:00:00', 'aceptado', '2025-06-08 08:10:34', '2025-06-08 08:10:34'),
(1833, 12, '2025-06-20', '08:00:00', '16:00:00', 'aceptado', '2025-06-08 08:10:34', '2025-06-08 08:10:34'),
(1834, 12, '2025-06-23', '08:00:00', '16:00:00', 'aceptado', '2025-06-08 08:10:34', '2025-06-08 08:10:34'),
(1835, 12, '2025-06-24', '08:00:00', '16:00:00', 'aceptado', '2025-06-08 08:10:34', '2025-06-08 08:10:34'),
(1836, 12, '2025-06-25', '08:00:00', '16:00:00', 'aceptado', '2025-06-08 08:10:34', '2025-06-08 08:10:34'),
(1837, 12, '2025-06-26', '08:00:00', '16:00:00', 'aceptado', '2025-06-08 08:10:34', '2025-06-08 08:10:34'),
(1838, 12, '2025-06-27', '08:00:00', '16:00:00', 'aceptado', '2025-06-08 08:10:34', '2025-06-08 08:10:34'),
(1839, 12, '2025-06-30', '08:00:00', '16:00:00', 'aceptado', '2025-06-08 08:10:34', '2025-06-08 08:10:34'),
(1840, 12, '2025-07-01', '08:00:00', '16:00:00', 'aceptado', '2025-06-08 08:10:34', '2025-06-08 08:10:34'),
(1841, 12, '2025-07-02', '08:00:00', '16:00:00', 'aceptado', '2025-06-08 08:10:34', '2025-06-08 08:10:34'),
(1842, 12, '2025-07-03', '08:00:00', '16:00:00', 'aceptado', '2025-06-08 08:10:34', '2025-06-08 08:10:34'),
(1843, 12, '2025-07-04', '08:00:00', '16:00:00', 'aceptado', '2025-06-08 08:10:34', '2025-06-08 08:10:34'),
(1844, 12, '2025-07-07', '08:00:00', '16:00:00', 'aceptado', '2025-06-08 08:10:34', '2025-06-08 08:10:34'),
(1845, 12, '2025-07-08', '08:00:00', '16:00:00', 'aceptado', '2025-06-08 08:10:34', '2025-06-08 08:10:34'),
(1846, 12, '2025-07-09', '08:00:00', '16:00:00', 'aceptado', '2025-06-08 08:10:34', '2025-06-08 08:10:34'),
(1847, 12, '2025-07-10', '08:00:00', '16:00:00', 'aceptado', '2025-06-08 08:10:34', '2025-06-08 08:10:34'),
(1848, 12, '2025-07-11', '08:00:00', '16:00:00', 'aceptado', '2025-06-08 08:10:34', '2025-06-08 08:10:34'),
(1849, 12, '2025-07-14', '08:00:00', '16:00:00', 'aceptado', '2025-06-08 08:10:34', '2025-06-08 08:10:34'),
(1850, 12, '2025-07-15', '08:00:00', '16:00:00', 'aceptado', '2025-06-08 08:10:34', '2025-06-08 08:10:34'),
(1851, 12, '2025-07-16', '08:00:00', '16:00:00', 'aceptado', '2025-06-08 08:10:34', '2025-06-08 08:10:34'),
(1852, 12, '2025-07-17', '08:00:00', '16:00:00', 'aceptado', '2025-06-08 08:10:34', '2025-06-08 08:10:34'),
(1853, 12, '2025-07-18', '08:00:00', '16:00:00', 'aceptado', '2025-06-08 08:10:34', '2025-06-08 08:10:34'),
(1854, 12, '2025-07-21', '08:00:00', '16:00:00', 'aceptado', '2025-06-08 08:10:34', '2025-06-08 08:10:34'),
(1855, 12, '2025-07-22', '08:00:00', '16:00:00', 'aceptado', '2025-06-08 08:10:34', '2025-06-08 08:10:34'),
(1856, 12, '2025-07-23', '08:00:00', '16:00:00', 'aceptado', '2025-06-08 08:10:34', '2025-06-08 08:10:34'),
(1857, 12, '2025-07-24', '08:00:00', '16:00:00', 'aceptado', '2025-06-08 08:10:34', '2025-06-08 08:10:34'),
(1858, 12, '2025-07-25', '08:00:00', '16:00:00', 'aceptado', '2025-06-08 08:10:34', '2025-06-08 08:10:34'),
(1859, 12, '2025-07-28', '08:00:00', '16:00:00', 'aceptado', '2025-06-08 08:10:34', '2025-06-08 08:10:34'),
(1860, 12, '2025-07-29', '08:00:00', '16:00:00', 'aceptado', '2025-06-08 08:10:34', '2025-06-08 08:10:34'),
(1861, 12, '2025-07-30', '08:00:00', '16:00:00', 'aceptado', '2025-06-08 08:10:34', '2025-06-08 08:10:34'),
(1862, 12, '2025-07-31', '08:00:00', '16:00:00', 'aceptado', '2025-06-08 08:10:34', '2025-06-08 08:10:34'),
(1863, 12, '2025-08-01', '08:00:00', '16:00:00', 'aceptado', '2025-06-08 08:10:34', '2025-06-08 08:10:34'),
(1864, 12, '2025-08-04', '08:00:00', '16:00:00', 'aceptado', '2025-06-08 08:10:34', '2025-06-08 08:10:34'),
(1865, 12, '2025-08-05', '08:00:00', '16:00:00', 'aceptado', '2025-06-08 08:10:34', '2025-06-08 08:10:34'),
(1866, 12, '2025-08-06', '08:00:00', '16:00:00', 'aceptado', '2025-06-08 08:10:34', '2025-06-08 08:10:34'),
(1867, 12, '2025-08-07', '08:00:00', '16:00:00', 'aceptado', '2025-06-08 08:10:34', '2025-06-08 08:10:34'),
(1868, 12, '2025-08-08', '08:00:00', '16:00:00', 'aceptado', '2025-06-08 08:10:34', '2025-06-08 08:10:34'),
(1869, 12, '2025-08-11', '08:00:00', '16:00:00', 'aceptado', '2025-06-08 08:10:34', '2025-06-08 08:10:34'),
(1870, 12, '2025-08-12', '08:00:00', '16:00:00', 'aceptado', '2025-06-08 08:10:34', '2025-06-08 08:10:34'),
(1871, 12, '2025-08-13', '08:00:00', '16:00:00', 'aceptado', '2025-06-08 08:10:34', '2025-06-08 08:10:34'),
(1872, 12, '2025-08-14', '08:00:00', '16:00:00', 'aceptado', '2025-06-08 08:10:34', '2025-06-08 08:10:34'),
(1873, 12, '2025-08-15', '08:00:00', '16:00:00', 'aceptado', '2025-06-08 08:10:34', '2025-06-08 08:10:34'),
(1874, 12, '2025-08-18', '08:00:00', '16:00:00', 'aceptado', '2025-06-08 08:10:34', '2025-06-08 08:10:34'),
(1875, 12, '2025-08-19', '08:00:00', '16:00:00', 'aceptado', '2025-06-08 08:10:34', '2025-06-08 08:10:34'),
(1876, 12, '2025-08-20', '08:00:00', '16:00:00', 'aceptado', '2025-06-08 08:10:34', '2025-06-08 08:10:34'),
(1877, 12, '2025-08-21', '08:00:00', '16:00:00', 'aceptado', '2025-06-08 08:10:34', '2025-06-08 08:10:34'),
(1878, 12, '2025-08-22', '08:00:00', '16:00:00', 'aceptado', '2025-06-08 08:10:34', '2025-06-08 08:10:34'),
(1879, 12, '2025-08-25', '08:00:00', '16:00:00', 'aceptado', '2025-06-08 08:10:34', '2025-06-08 08:10:34'),
(1880, 12, '2025-08-26', '08:00:00', '16:00:00', 'aceptado', '2025-06-08 08:10:34', '2025-06-08 08:10:34'),
(1881, 12, '2025-08-27', '08:00:00', '16:00:00', 'aceptado', '2025-06-08 08:10:34', '2025-06-08 08:10:34'),
(1882, 12, '2025-08-28', '08:00:00', '16:00:00', 'aceptado', '2025-06-08 08:10:34', '2025-06-08 08:10:34'),
(1883, 12, '2025-08-29', '08:00:00', '16:00:00', 'aceptado', '2025-06-08 08:10:34', '2025-06-08 08:10:34'),
(1884, 13, '2025-06-02', '08:00:00', '16:00:00', 'aceptado', '2025-06-08 08:10:34', '2025-06-08 08:10:34'),
(1885, 13, '2025-06-03', '08:00:00', '16:00:00', 'aceptado', '2025-06-08 08:10:34', '2025-06-08 08:10:34'),
(1886, 13, '2025-06-04', '08:00:00', '16:00:00', 'aceptado', '2025-06-08 08:10:34', '2025-06-08 08:10:34'),
(1887, 13, '2025-06-05', '08:00:00', '16:00:00', 'aceptado', '2025-06-08 08:10:34', '2025-06-08 08:10:34'),
(1888, 13, '2025-06-06', '08:00:00', '16:00:00', 'aceptado', '2025-06-08 08:10:34', '2025-06-08 08:10:34'),
(1889, 13, '2025-06-09', '08:00:00', '16:00:00', 'aceptado', '2025-06-08 08:10:34', '2025-06-08 08:10:34'),
(1890, 13, '2025-06-10', '08:00:00', '16:00:00', 'aceptado', '2025-06-08 08:10:34', '2025-06-08 08:10:34'),
(1891, 13, '2025-06-11', '08:00:00', '16:00:00', 'aceptado', '2025-06-08 08:10:34', '2025-06-08 08:10:34'),
(1892, 13, '2025-06-12', '08:00:00', '16:00:00', 'aceptado', '2025-06-08 08:10:34', '2025-06-08 08:10:34'),
(1893, 13, '2025-06-13', '08:00:00', '16:00:00', 'aceptado', '2025-06-08 08:10:34', '2025-06-08 08:10:34'),
(1894, 13, '2025-06-16', '08:00:00', '16:00:00', 'aceptado', '2025-06-08 08:10:34', '2025-06-08 08:10:34'),
(1895, 13, '2025-06-17', '08:00:00', '16:00:00', 'aceptado', '2025-06-08 08:10:34', '2025-06-08 08:10:34'),
(1896, 13, '2025-06-18', '08:00:00', '16:00:00', 'aceptado', '2025-06-08 08:10:34', '2025-06-08 08:10:34'),
(1897, 13, '2025-06-19', '08:00:00', '16:00:00', 'aceptado', '2025-06-08 08:10:34', '2025-06-08 08:10:34'),
(1898, 13, '2025-06-20', '08:00:00', '16:00:00', 'aceptado', '2025-06-08 08:10:34', '2025-06-08 08:10:34'),
(1899, 13, '2025-06-23', '08:00:00', '16:00:00', 'aceptado', '2025-06-08 08:10:34', '2025-06-08 08:10:34'),
(1900, 13, '2025-06-24', '08:00:00', '16:00:00', 'aceptado', '2025-06-08 08:10:34', '2025-06-08 08:10:34'),
(1901, 13, '2025-06-25', '08:00:00', '16:00:00', 'aceptado', '2025-06-08 08:10:34', '2025-06-08 08:10:34'),
(1902, 13, '2025-06-26', '08:00:00', '16:00:00', 'aceptado', '2025-06-08 08:10:34', '2025-06-08 08:10:34'),
(1903, 13, '2025-06-27', '08:00:00', '16:00:00', 'aceptado', '2025-06-08 08:10:34', '2025-06-08 08:10:34'),
(1904, 13, '2025-06-30', '08:00:00', '16:00:00', 'aceptado', '2025-06-08 08:10:34', '2025-06-08 08:10:34'),
(1905, 13, '2025-07-01', '08:00:00', '16:00:00', 'aceptado', '2025-06-08 08:10:34', '2025-06-08 08:10:34'),
(1906, 13, '2025-07-02', '08:00:00', '16:00:00', 'aceptado', '2025-06-08 08:10:34', '2025-06-08 08:10:34'),
(1907, 13, '2025-07-03', '08:00:00', '16:00:00', 'aceptado', '2025-06-08 08:10:34', '2025-06-08 08:10:34'),
(1908, 13, '2025-07-04', '08:00:00', '16:00:00', 'aceptado', '2025-06-08 08:10:34', '2025-06-08 08:10:34'),
(1909, 13, '2025-07-07', '08:00:00', '16:00:00', 'aceptado', '2025-06-08 08:10:34', '2025-06-08 08:10:34'),
(1910, 13, '2025-07-08', '08:00:00', '16:00:00', 'aceptado', '2025-06-08 08:10:34', '2025-06-08 08:10:34'),
(1911, 13, '2025-07-09', '08:00:00', '16:00:00', 'aceptado', '2025-06-08 08:10:34', '2025-06-08 08:10:34'),
(1912, 13, '2025-07-10', '08:00:00', '16:00:00', 'aceptado', '2025-06-08 08:10:34', '2025-06-08 08:10:34'),
(1913, 13, '2025-07-11', '08:00:00', '16:00:00', 'aceptado', '2025-06-08 08:10:34', '2025-06-08 08:10:34'),
(1914, 13, '2025-07-14', '08:00:00', '16:00:00', 'aceptado', '2025-06-08 08:10:34', '2025-06-08 08:10:34'),
(1915, 13, '2025-07-15', '08:00:00', '16:00:00', 'aceptado', '2025-06-08 08:10:34', '2025-06-08 08:10:34'),
(1916, 13, '2025-07-16', '08:00:00', '16:00:00', 'aceptado', '2025-06-08 08:10:34', '2025-06-08 08:10:34'),
(1917, 13, '2025-07-17', '08:00:00', '16:00:00', 'aceptado', '2025-06-08 08:10:34', '2025-06-08 08:10:34'),
(1918, 13, '2025-07-18', '08:00:00', '16:00:00', 'aceptado', '2025-06-08 08:10:34', '2025-06-08 08:10:34'),
(1919, 13, '2025-07-21', '08:00:00', '16:00:00', 'aceptado', '2025-06-08 08:10:34', '2025-06-08 08:10:34'),
(1920, 13, '2025-07-22', '08:00:00', '16:00:00', 'aceptado', '2025-06-08 08:10:34', '2025-06-08 08:10:34'),
(1921, 13, '2025-07-23', '08:00:00', '16:00:00', 'aceptado', '2025-06-08 08:10:34', '2025-06-08 08:10:34'),
(1922, 13, '2025-07-24', '08:00:00', '16:00:00', 'aceptado', '2025-06-08 08:10:34', '2025-06-08 08:10:34'),
(1923, 13, '2025-07-25', '08:00:00', '16:00:00', 'aceptado', '2025-06-08 08:10:34', '2025-06-08 08:10:34'),
(1924, 13, '2025-07-28', '08:00:00', '16:00:00', 'aceptado', '2025-06-08 08:10:34', '2025-06-08 08:10:34'),
(1925, 13, '2025-07-29', '08:00:00', '16:00:00', 'aceptado', '2025-06-08 08:10:34', '2025-06-08 08:10:34'),
(1926, 13, '2025-07-30', '08:00:00', '16:00:00', 'aceptado', '2025-06-08 08:10:34', '2025-06-08 08:10:34'),
(1927, 13, '2025-07-31', '08:00:00', '16:00:00', 'aceptado', '2025-06-08 08:10:34', '2025-06-08 08:10:34'),
(1928, 13, '2025-08-01', '08:00:00', '16:00:00', 'aceptado', '2025-06-08 08:10:34', '2025-06-08 08:10:34'),
(1929, 13, '2025-08-04', '08:00:00', '16:00:00', 'aceptado', '2025-06-08 08:10:34', '2025-06-08 08:10:34'),
(1930, 13, '2025-08-05', '08:00:00', '16:00:00', 'aceptado', '2025-06-08 08:10:34', '2025-06-08 08:10:34'),
(1931, 13, '2025-08-06', '08:00:00', '16:00:00', 'aceptado', '2025-06-08 08:10:34', '2025-06-08 08:10:34'),
(1932, 13, '2025-08-07', '08:00:00', '16:00:00', 'aceptado', '2025-06-08 08:10:34', '2025-06-08 08:10:34'),
(1933, 13, '2025-08-08', '08:00:00', '16:00:00', 'aceptado', '2025-06-08 08:10:34', '2025-06-08 08:10:34'),
(1934, 13, '2025-08-11', '08:00:00', '16:00:00', 'aceptado', '2025-06-08 08:10:34', '2025-06-08 08:10:34'),
(1935, 13, '2025-08-12', '08:00:00', '16:00:00', 'aceptado', '2025-06-08 08:10:34', '2025-06-08 08:10:34'),
(1936, 13, '2025-08-13', '08:00:00', '16:00:00', 'aceptado', '2025-06-08 08:10:34', '2025-06-08 08:10:34'),
(1937, 13, '2025-08-14', '08:00:00', '16:00:00', 'aceptado', '2025-06-08 08:10:34', '2025-06-08 08:10:34'),
(1938, 13, '2025-08-15', '08:00:00', '16:00:00', 'aceptado', '2025-06-08 08:10:34', '2025-06-08 08:10:34'),
(1939, 13, '2025-08-18', '08:00:00', '16:00:00', 'aceptado', '2025-06-08 08:10:34', '2025-06-08 08:10:34'),
(1940, 13, '2025-08-19', '08:00:00', '16:00:00', 'aceptado', '2025-06-08 08:10:34', '2025-06-08 08:10:34'),
(1941, 13, '2025-08-20', '08:00:00', '16:00:00', 'aceptado', '2025-06-08 08:10:34', '2025-06-08 08:10:34'),
(1942, 13, '2025-08-21', '08:00:00', '16:00:00', 'aceptado', '2025-06-08 08:10:34', '2025-06-08 08:10:34'),
(1943, 13, '2025-08-22', '08:00:00', '16:00:00', 'aceptado', '2025-06-08 08:10:34', '2025-06-08 08:10:34'),
(1944, 13, '2025-08-25', '08:00:00', '16:00:00', 'aceptado', '2025-06-08 08:10:34', '2025-06-08 08:10:34'),
(1945, 13, '2025-08-26', '08:00:00', '16:00:00', 'aceptado', '2025-06-08 08:10:34', '2025-06-08 08:10:34'),
(1946, 13, '2025-08-27', '08:00:00', '16:00:00', 'aceptado', '2025-06-08 08:10:34', '2025-06-08 08:10:34'),
(1947, 13, '2025-08-28', '08:00:00', '16:00:00', 'aceptado', '2025-06-08 08:10:34', '2025-06-08 08:10:34'),
(1948, 13, '2025-08-29', '08:00:00', '16:00:00', 'aceptado', '2025-06-08 08:10:34', '2025-06-08 08:10:34'),
(1949, 14, '2025-06-02', '08:00:00', '16:00:00', 'aceptado', '2025-06-08 08:10:34', '2025-06-08 08:10:34'),
(1950, 14, '2025-06-03', '08:00:00', '16:00:00', 'aceptado', '2025-06-08 08:10:34', '2025-06-08 08:10:34'),
(1951, 14, '2025-06-04', '08:00:00', '16:00:00', 'aceptado', '2025-06-08 08:10:34', '2025-06-08 08:10:34'),
(1952, 14, '2025-06-05', '08:00:00', '16:00:00', 'aceptado', '2025-06-08 08:10:34', '2025-06-08 08:10:34'),
(1953, 14, '2025-06-06', '08:00:00', '16:00:00', 'aceptado', '2025-06-08 08:10:34', '2025-06-08 08:10:34'),
(1954, 14, '2025-06-09', '08:00:00', '16:00:00', 'aceptado', '2025-06-08 08:10:34', '2025-06-08 08:10:34'),
(1955, 14, '2025-06-10', '08:00:00', '16:00:00', 'aceptado', '2025-06-08 08:10:34', '2025-06-08 08:10:34'),
(1956, 14, '2025-06-11', '08:00:00', '16:00:00', 'aceptado', '2025-06-08 08:10:34', '2025-06-08 08:10:34'),
(1957, 14, '2025-06-12', '08:00:00', '16:00:00', 'aceptado', '2025-06-08 08:10:34', '2025-06-08 08:10:34'),
(1958, 14, '2025-06-13', '08:00:00', '16:00:00', 'aceptado', '2025-06-08 08:10:34', '2025-06-08 08:10:34'),
(1959, 14, '2025-06-16', '08:00:00', '16:00:00', 'aceptado', '2025-06-08 08:10:34', '2025-06-08 08:10:34'),
(1960, 14, '2025-06-17', '08:00:00', '16:00:00', 'aceptado', '2025-06-08 08:10:34', '2025-06-08 08:10:34'),
(1961, 14, '2025-06-18', '08:00:00', '16:00:00', 'aceptado', '2025-06-08 08:10:34', '2025-06-08 08:10:34'),
(1962, 14, '2025-06-19', '08:00:00', '16:00:00', 'aceptado', '2025-06-08 08:10:34', '2025-06-08 08:10:34'),
(1963, 14, '2025-06-20', '08:00:00', '16:00:00', 'aceptado', '2025-06-08 08:10:34', '2025-06-08 08:10:34'),
(1964, 14, '2025-06-23', '08:00:00', '16:00:00', 'aceptado', '2025-06-08 08:10:34', '2025-06-08 08:10:34'),
(1965, 14, '2025-06-24', '08:00:00', '16:00:00', 'aceptado', '2025-06-08 08:10:34', '2025-06-08 08:10:34'),
(1966, 14, '2025-06-25', '08:00:00', '16:00:00', 'aceptado', '2025-06-08 08:10:34', '2025-06-08 08:10:34'),
(1967, 14, '2025-06-26', '08:00:00', '16:00:00', 'aceptado', '2025-06-08 08:10:34', '2025-06-08 08:10:34'),
(1968, 14, '2025-06-27', '08:00:00', '16:00:00', 'aceptado', '2025-06-08 08:10:34', '2025-06-08 08:10:34'),
(1969, 14, '2025-06-30', '08:00:00', '16:00:00', 'aceptado', '2025-06-08 08:10:34', '2025-06-08 08:10:34'),
(1970, 14, '2025-07-01', '08:00:00', '16:00:00', 'aceptado', '2025-06-08 08:10:34', '2025-06-08 08:10:34'),
(1971, 14, '2025-07-02', '08:00:00', '16:00:00', 'aceptado', '2025-06-08 08:10:34', '2025-06-08 08:10:34'),
(1972, 14, '2025-07-03', '08:00:00', '16:00:00', 'aceptado', '2025-06-08 08:10:34', '2025-06-08 08:10:34'),
(1973, 14, '2025-07-04', '08:00:00', '16:00:00', 'aceptado', '2025-06-08 08:10:34', '2025-06-08 08:10:34'),
(1974, 14, '2025-07-07', '08:00:00', '16:00:00', 'aceptado', '2025-06-08 08:10:34', '2025-06-08 08:10:34'),
(1975, 14, '2025-07-08', '08:00:00', '16:00:00', 'aceptado', '2025-06-08 08:10:34', '2025-06-08 08:10:34'),
(1976, 14, '2025-07-09', '08:00:00', '16:00:00', 'aceptado', '2025-06-08 08:10:34', '2025-06-08 08:10:34'),
(1977, 14, '2025-07-10', '08:00:00', '16:00:00', 'aceptado', '2025-06-08 08:10:34', '2025-06-08 08:10:34'),
(1978, 14, '2025-07-11', '08:00:00', '16:00:00', 'aceptado', '2025-06-08 08:10:34', '2025-06-08 08:10:34'),
(1979, 14, '2025-07-14', '08:00:00', '16:00:00', 'aceptado', '2025-06-08 08:10:34', '2025-06-08 08:10:34'),
(1980, 14, '2025-07-15', '08:00:00', '16:00:00', 'aceptado', '2025-06-08 08:10:34', '2025-06-08 08:10:34'),
(1981, 14, '2025-07-16', '08:00:00', '16:00:00', 'aceptado', '2025-06-08 08:10:34', '2025-06-08 08:10:34'),
(1982, 14, '2025-07-17', '08:00:00', '16:00:00', 'aceptado', '2025-06-08 08:10:34', '2025-06-08 08:10:34'),
(1983, 14, '2025-07-18', '08:00:00', '16:00:00', 'aceptado', '2025-06-08 08:10:34', '2025-06-08 08:10:34'),
(1984, 14, '2025-07-21', '08:00:00', '16:00:00', 'aceptado', '2025-06-08 08:10:34', '2025-06-08 08:10:34'),
(1985, 14, '2025-07-22', '08:00:00', '16:00:00', 'aceptado', '2025-06-08 08:10:34', '2025-06-08 08:10:34'),
(1986, 14, '2025-07-23', '08:00:00', '16:00:00', 'aceptado', '2025-06-08 08:10:34', '2025-06-08 08:10:34'),
(1987, 14, '2025-07-24', '08:00:00', '16:00:00', 'aceptado', '2025-06-08 08:10:34', '2025-06-08 08:10:34'),
(1988, 14, '2025-07-25', '08:00:00', '16:00:00', 'aceptado', '2025-06-08 08:10:34', '2025-06-08 08:10:34'),
(1989, 14, '2025-07-28', '08:00:00', '16:00:00', 'aceptado', '2025-06-08 08:10:34', '2025-06-08 08:10:34'),
(1990, 14, '2025-07-29', '08:00:00', '16:00:00', 'aceptado', '2025-06-08 08:10:34', '2025-06-08 08:10:34'),
(1991, 14, '2025-07-30', '08:00:00', '16:00:00', 'aceptado', '2025-06-08 08:10:34', '2025-06-08 08:10:34'),
(1992, 14, '2025-07-31', '08:00:00', '16:00:00', 'aceptado', '2025-06-08 08:10:34', '2025-06-08 08:10:34'),
(1993, 14, '2025-08-01', '08:00:00', '16:00:00', 'aceptado', '2025-06-08 08:10:34', '2025-06-08 08:10:34'),
(1994, 14, '2025-08-04', '08:00:00', '16:00:00', 'aceptado', '2025-06-08 08:10:34', '2025-06-08 08:10:34'),
(1995, 14, '2025-08-05', '08:00:00', '16:00:00', 'aceptado', '2025-06-08 08:10:34', '2025-06-08 08:10:34'),
(1996, 14, '2025-08-06', '08:00:00', '16:00:00', 'aceptado', '2025-06-08 08:10:34', '2025-06-08 08:10:34'),
(1997, 14, '2025-08-07', '08:00:00', '16:00:00', 'aceptado', '2025-06-08 08:10:34', '2025-06-08 08:10:34'),
(1998, 14, '2025-08-08', '08:00:00', '16:00:00', 'aceptado', '2025-06-08 08:10:34', '2025-06-08 08:10:34'),
(1999, 14, '2025-08-11', '08:00:00', '16:00:00', 'aceptado', '2025-06-08 08:10:34', '2025-06-08 08:10:34'),
(2000, 14, '2025-08-12', '08:00:00', '16:00:00', 'aceptado', '2025-06-08 08:10:34', '2025-06-08 08:10:34'),
(2001, 14, '2025-08-13', '08:00:00', '16:00:00', 'aceptado', '2025-06-08 08:10:34', '2025-06-08 08:10:34'),
(2002, 14, '2025-08-14', '08:00:00', '16:00:00', 'aceptado', '2025-06-08 08:10:34', '2025-06-08 08:10:34'),
(2003, 14, '2025-08-15', '08:00:00', '16:00:00', 'aceptado', '2025-06-08 08:10:34', '2025-06-08 08:10:34'),
(2004, 14, '2025-08-18', '08:00:00', '16:00:00', 'aceptado', '2025-06-08 08:10:34', '2025-06-08 08:10:34'),
(2005, 14, '2025-08-19', '08:00:00', '16:00:00', 'aceptado', '2025-06-08 08:10:34', '2025-06-08 08:10:34'),
(2006, 14, '2025-08-20', '08:00:00', '16:00:00', 'aceptado', '2025-06-08 08:10:34', '2025-06-08 08:10:34'),
(2007, 14, '2025-08-21', '08:00:00', '16:00:00', 'aceptado', '2025-06-08 08:10:34', '2025-06-08 08:10:34'),
(2008, 14, '2025-08-22', '08:00:00', '16:00:00', 'aceptado', '2025-06-08 08:10:34', '2025-06-08 08:10:34'),
(2009, 14, '2025-08-25', '08:00:00', '16:00:00', 'aceptado', '2025-06-08 08:10:34', '2025-06-08 08:10:34'),
(2010, 14, '2025-08-26', '08:00:00', '16:00:00', 'aceptado', '2025-06-08 08:10:34', '2025-06-08 08:10:34'),
(2011, 14, '2025-08-27', '08:00:00', '16:00:00', 'aceptado', '2025-06-08 08:10:34', '2025-06-08 08:10:34'),
(2012, 14, '2025-08-28', '08:00:00', '16:00:00', 'aceptado', '2025-06-08 08:10:34', '2025-06-08 08:10:34'),
(2013, 14, '2025-08-29', '08:00:00', '16:00:00', 'aceptado', '2025-06-08 08:10:34', '2025-06-08 08:10:34'),
(2014, 1, '2025-06-13', '18:00:00', '23:00:00', 'aceptado', '2025-06-08 08:10:34', '2025-06-08 08:10:34');

-- --------------------------------------------------------

--
-- Estructura de tabla para la tabla `migrations`
--

CREATE TABLE `migrations` (
  `id` int(10) UNSIGNED NOT NULL,
  `migration` varchar(255) NOT NULL,
  `batch` int(11) NOT NULL
) ENGINE=InnoDB DEFAULT CHARSET=utf8mb4 COLLATE=utf8mb4_unicode_ci;

--
-- Volcado de datos para la tabla `migrations`
--

INSERT INTO `migrations` (`id`, `migration`, `batch`) VALUES
(1, '2019_08_19_000000_create_failed_jobs_table', 1),
(2, '2019_12_14_000001_create_password_reset_tokens_table', 1),
(3, '2019_12_14_000001_create_personal_access_tokens_table', 1),
(4, '2025_05_23_120000_create_empresas_table', 1),
(5, '2025_05_23_120001_create_empleados_table', 1),
(6, '2025_05_23_120002_create_notificaciones_table', 1),
(7, '2025_05_23_120003_create_nominas_table', 1),
(8, '2025_05_23_120004_create_horarios_table', 1),
(9, '2025_05_23_120005_create_vacaciones_table', 1),
(10, '2025_06_04_200000_add_imagen_to_empresas_table', 1),
(11, '2025_06_05_100000_add_description_to_empresas_table', 1),
(12, '2025_06_05_110000_add_image_to_empleados_table', 1),
(13, '2025_06_05_120000_add_estado_to_horarios_table', 1),
(14, '2025_06_05_120001_add_estado_to_horarios_table_fix', 1);

-- --------------------------------------------------------

--
-- Estructura de tabla para la tabla `nominas`
--

CREATE TABLE `nominas` (
  `id_nomina` bigint(20) UNSIGNED NOT NULL,
  `id_empleado` bigint(20) UNSIGNED NOT NULL,
  `id_empresa` bigint(20) UNSIGNED NOT NULL,
  `fecha` date NOT NULL,
  `salario_bruto` decimal(10,2) NOT NULL,
  `salario_neto` decimal(10,2) NOT NULL,
  `archivo_pdf` varchar(255) DEFAULT NULL,
  `created_at` timestamp NULL DEFAULT NULL,
  `updated_at` timestamp NULL DEFAULT NULL
) ENGINE=InnoDB DEFAULT CHARSET=utf8mb4 COLLATE=utf8mb4_unicode_ci;

--
-- Volcado de datos para la tabla `nominas`
--

INSERT INTO `nominas` (`id_nomina`, `id_empleado`, `id_empresa`, `fecha`, `salario_bruto`, `salario_neto`, `archivo_pdf`, `created_at`, `updated_at`) VALUES
(11, 1, 1, '2025-01-28', 1834.44, 1449.21, 'nominas/nomina_january_2025.pdf', '2025-06-09 06:45:13', '2025-06-09 06:45:13'),
(12, 1, 1, '2025-02-28', 1825.80, 1442.38, 'nominas/nomina_february_2025.pdf', '2025-06-09 06:45:13', '2025-06-09 06:45:13'),
(13, 1, 1, '2025-03-28', 1792.06, 1415.73, 'nominas/nomina_march_2025.pdf', '2025-06-09 06:45:13', '2025-06-09 06:45:13'),
(14, 1, 1, '2025-04-28', 1775.89, 1402.95, 'nominas/nomina_april_2025.pdf', '2025-06-09 06:45:13', '2025-06-09 06:45:13'),
(15, 1, 1, '2025-05-28', 1801.13, 1422.89, 'nominas/nomina_may_2025.pdf', '2025-06-09 06:45:13', '2025-06-09 06:45:13'),
(16, 1, 1, '2025-06-28', 1790.49, 1414.49, 'nominas/nomina_june_2025.pdf', '2025-06-09 06:45:13', '2025-06-09 06:45:13'),
(18, 6, 2, '2025-01-28', 1780.33, 1406.46, 'nominas/nomina_january_2025.pdf', '2025-06-09 06:45:13', '2025-06-09 06:45:13'),
(19, 6, 2, '2025-02-28', 1797.66, 1420.15, 'nominas/nomina_february_2025.pdf', '2025-06-09 06:45:13', '2025-06-09 06:45:13'),
(20, 6, 2, '2025-03-28', 1808.34, 1428.59, 'nominas/nomina_march_2025.pdf', '2025-06-09 06:45:13', '2025-06-09 06:45:13'),
(21, 6, 2, '2025-04-28', 1840.81, 1454.24, 'nominas/nomina_april_2025.pdf', '2025-06-09 06:45:13', '2025-06-09 06:45:13'),
(22, 6, 2, '2025-05-28', 1800.47, 1422.37, 'nominas/nomina_may_2025.pdf', '2025-06-09 06:45:13', '2025-06-09 06:45:13'),
(23, 6, 2, '2025-06-28', 1778.18, 1404.76, 'nominas/nomina_june_2025.pdf', '2025-06-09 06:45:13', '2025-06-09 06:45:13'),
(25, 9, 2, '2025-01-28', 1811.84, 1431.35, 'nominas/nomina_january_2025.pdf', '2025-06-09 06:45:13', '2025-06-09 06:45:13'),
(26, 9, 2, '2025-02-28', 1775.05, 1402.29, 'nominas/nomina_february_2025.pdf', '2025-06-09 06:45:13', '2025-06-09 06:45:13'),
(27, 9, 2, '2025-03-28', 1840.97, 1454.37, 'nominas/nomina_march_2025.pdf', '2025-06-09 06:45:13', '2025-06-09 06:45:13'),
(28, 9, 2, '2025-04-28', 1848.28, 1460.14, 'nominas/nomina_april_2025.pdf', '2025-06-09 06:45:13', '2025-06-09 06:45:13'),
(29, 9, 2, '2025-05-28', 1831.02, 1446.51, 'nominas/nomina_may_2025.pdf', '2025-06-09 06:45:13', '2025-06-09 06:45:13'),
(30, 9, 2, '2025-06-28', 1840.22, 1453.77, 'nominas/nomina_june_2025.pdf', '2025-06-09 06:45:13', '2025-06-09 06:45:13'),
(32, 10, 1, '2025-01-28', 1822.98, 1440.15, 'nominas/nomina_january_2025.pdf', '2025-06-09 06:45:13', '2025-06-09 06:45:13'),
(33, 10, 1, '2025-02-28', 1839.88, 1453.51, 'nominas/nomina_february_2025.pdf', '2025-06-09 06:45:13', '2025-06-09 06:45:13'),
(34, 10, 1, '2025-03-28', 1818.40, 1436.54, 'nominas/nomina_march_2025.pdf', '2025-06-09 06:45:13', '2025-06-09 06:45:13'),
(35, 10, 1, '2025-04-28', 1797.21, 1419.80, 'nominas/nomina_april_2025.pdf', '2025-06-09 06:45:13', '2025-06-09 06:45:13'),
(36, 10, 1, '2025-05-28', 1760.07, 1390.46, 'nominas/nomina_may_2025.pdf', '2025-06-09 06:45:13', '2025-06-09 06:45:13'),
(37, 10, 1, '2025-06-28', 1793.42, 1416.80, 'nominas/nomina_june_2025.pdf', '2025-06-09 06:45:13', '2025-06-09 06:45:13'),
(39, 11, 3, '2025-01-28', 1841.30, 1454.63, 'nominas/nomina_january_2025.pdf', '2025-06-09 06:45:13', '2025-06-09 06:45:13'),
(40, 11, 3, '2025-02-28', 1846.66, 1458.86, 'nominas/nomina_february_2025.pdf', '2025-06-09 06:45:13', '2025-06-09 06:45:13'),
(41, 11, 3, '2025-03-28', 1797.70, 1420.18, 'nominas/nomina_march_2025.pdf', '2025-06-09 06:45:13', '2025-06-09 06:45:13'),
(42, 11, 3, '2025-04-28', 1836.53, 1450.86, 'nominas/nomina_april_2025.pdf', '2025-06-09 06:45:13', '2025-06-09 06:45:13'),
(43, 11, 3, '2025-05-28', 1776.05, 1403.08, 'nominas/nomina_may_2025.pdf', '2025-06-09 06:45:13', '2025-06-09 06:45:13'),
(44, 11, 3, '2025-06-28', 1830.50, 1446.10, 'nominas/nomina_june_2025.pdf', '2025-06-09 06:45:13', '2025-06-09 06:45:13'),
(46, 12, 1, '2025-01-28', 1751.40, 1383.61, 'nominas/nomina_january_2025.pdf', '2025-06-09 06:45:13', '2025-06-09 06:45:13'),
(47, 12, 1, '2025-02-28', 1821.97, 1439.36, 'nominas/nomina_february_2025.pdf', '2025-06-09 06:45:13', '2025-06-09 06:45:13'),
(48, 12, 1, '2025-03-28', 1789.88, 1414.01, 'nominas/nomina_march_2025.pdf', '2025-06-09 06:45:13', '2025-06-09 06:45:13'),
(49, 12, 1, '2025-04-28', 1832.48, 1447.66, 'nominas/nomina_april_2025.pdf', '2025-06-09 06:45:13', '2025-06-09 06:45:13'),
(50, 12, 1, '2025-05-28', 1816.82, 1435.29, 'nominas/nomina_may_2025.pdf', '2025-06-09 06:45:13', '2025-06-09 06:45:13'),
(51, 12, 1, '2025-06-28', 1750.11, 1382.59, 'nominas/nomina_june_2025.pdf', '2025-06-09 06:45:13', '2025-06-09 06:45:13'),
(53, 13, 3, '2025-01-28', 1836.76, 1451.04, 'nominas/nomina_january_2025.pdf', '2025-06-09 06:45:13', '2025-06-09 06:45:13'),
(54, 13, 3, '2025-02-28', 1774.39, 1401.77, 'nominas/nomina_february_2025.pdf', '2025-06-09 06:45:13', '2025-06-09 06:45:13'),
(55, 13, 3, '2025-03-28', 1782.52, 1408.19, 'nominas/nomina_march_2025.pdf', '2025-06-09 06:45:13', '2025-06-09 06:45:13'),
(56, 13, 3, '2025-04-28', 1837.05, 1451.27, 'nominas/nomina_april_2025.pdf', '2025-06-09 06:45:13', '2025-06-09 06:45:13'),
(57, 13, 3, '2025-05-28', 1769.11, 1397.60, 'nominas/nomina_may_2025.pdf', '2025-06-09 06:45:13', '2025-06-09 06:45:13'),
(58, 13, 3, '2025-06-28', 1806.75, 1427.33, 'nominas/nomina_june_2025.pdf', '2025-06-09 06:45:13', '2025-06-09 06:45:13'),
(60, 14, 2, '2025-01-28', 1846.75, 1458.93, 'nominas/nomina_january_2025.pdf', '2025-06-09 06:45:13', '2025-06-09 06:45:13'),
(61, 14, 2, '2025-02-28', 1830.32, 1445.95, 'nominas/nomina_february_2025.pdf', '2025-06-09 06:45:13', '2025-06-09 06:45:13'),
(62, 14, 2, '2025-03-28', 1794.80, 1417.89, 'nominas/nomina_march_2025.pdf', '2025-06-09 06:45:13', '2025-06-09 06:45:13'),
(63, 14, 2, '2025-04-28', 1758.04, 1388.85, 'nominas/nomina_april_2025.pdf', '2025-06-09 06:45:13', '2025-06-09 06:45:13'),
(64, 14, 2, '2025-05-28', 1782.01, 1407.79, 'nominas/nomina_may_2025.pdf', '2025-06-09 06:45:13', '2025-06-09 06:45:13'),
(65, 14, 2, '2025-06-28', 1800.79, 1422.62, 'nominas/nomina_june_2025.pdf', '2025-06-09 06:45:13', '2025-06-09 06:45:13');

-- --------------------------------------------------------

--
-- Estructura de tabla para la tabla `notificaciones`
--

CREATE TABLE `notificaciones` (
  `id_notificacion` bigint(20) UNSIGNED NOT NULL,
  `id_empleado` bigint(20) UNSIGNED NOT NULL,
  `mensaje` text NOT NULL,
  `fecha_envio` timestamp NOT NULL DEFAULT current_timestamp() ON UPDATE current_timestamp(),
  `leida` tinyint(1) NOT NULL DEFAULT 0,
  `created_at` timestamp NULL DEFAULT NULL,
  `updated_at` timestamp NULL DEFAULT NULL
) ENGINE=InnoDB DEFAULT CHARSET=utf8mb4 COLLATE=utf8mb4_unicode_ci;

-- --------------------------------------------------------

--
-- Estructura de tabla para la tabla `password_reset_tokens`
--

CREATE TABLE `password_reset_tokens` (
  `email` varchar(255) NOT NULL,
  `token` varchar(255) NOT NULL,
  `created_at` timestamp NULL DEFAULT NULL
) ENGINE=InnoDB DEFAULT CHARSET=utf8mb4 COLLATE=utf8mb4_unicode_ci;

-- --------------------------------------------------------

--
-- Estructura de tabla para la tabla `personal_access_tokens`
--

CREATE TABLE `personal_access_tokens` (
  `id` bigint(20) UNSIGNED NOT NULL,
  `tokenable_type` varchar(255) NOT NULL,
  `tokenable_id` bigint(20) UNSIGNED NOT NULL,
  `name` varchar(255) NOT NULL,
  `token` varchar(64) NOT NULL,
  `abilities` text DEFAULT NULL,
  `last_used_at` timestamp NULL DEFAULT NULL,
  `expires_at` timestamp NULL DEFAULT NULL,
  `created_at` timestamp NULL DEFAULT NULL,
  `updated_at` timestamp NULL DEFAULT NULL
) ENGINE=InnoDB DEFAULT CHARSET=utf8mb4 COLLATE=utf8mb4_unicode_ci;

--
-- Volcado de datos para la tabla `personal_access_tokens`
--

INSERT INTO `personal_access_tokens` (`id`, `tokenable_type`, `tokenable_id`, `name`, `token`, `abilities`, `last_used_at`, `expires_at`, `created_at`, `updated_at`) VALUES
(23, 'App\\Models\\Empleado', 4, 'auth_token', 'a7cc57d3a08e25665076bbb036e25138486c576327ba4b50751468d50695869e', '[\"*\"]', '2025-06-09 11:42:50', NULL, '2025-06-09 11:41:22', '2025-06-09 11:42:50'),
(40, 'App\\Models\\Empleado', 3, 'auth_token', '5131f4f8f45a90ba93f7998aaa8c2b4523374e1f9a91db99e07b869b9f047455', '[\"*\"]', '2025-06-10 10:39:21', NULL, '2025-06-10 10:39:08', '2025-06-10 10:39:21'),
(79, 'App\\Models\\Empleado', 1, 'auth_token', 'be021bf075a4ce9f3d858347c5ac66ba6581745ed7f450d95b71181ef8e5b433', '[\"*\"]', '2025-06-13 10:38:57', NULL, '2025-06-13 10:38:08', '2025-06-13 10:38:57'),
(83, 'App\\Models\\Empleado', 9, 'auth_token', '5d92a81eecdaa97593ac3488e1d21374307bc78ecc0bb31896b963f28a29cf41', '[\"*\"]', '2025-06-13 10:55:13', NULL, '2025-06-13 10:46:03', '2025-06-13 10:55:13'),
(84, 'App\\Models\\Empleado', 10, 'auth_token', 'eafbaa27c12b91830f4b55e607d14967b0c944aa1f26e5c7c1dad1c04a1d5bf9', '[\"*\"]', '2025-06-13 10:54:05', NULL, '2025-06-13 10:54:02', '2025-06-13 10:54:05'),
(85, 'App\\Models\\Empleado', 11, 'auth_token', 'dce5d66a79a27aadc2e5142e5c89a526a8f31d2c3bf4952480f7dc486e4dbbdc', '[\"*\"]', '2025-06-13 10:56:11', NULL, '2025-06-13 10:56:09', '2025-06-13 10:56:11'),
(86, 'App\\Models\\Empleado', 6, 'auth_token', 'dd5167c8a23889c1504e9ef41f33b3152abb2a2feca09605739998129425893a', '[\"*\"]', '2025-06-13 11:06:43', NULL, '2025-06-13 10:56:33', '2025-06-13 11:06:43');

-- --------------------------------------------------------

--
-- Estructura de tabla para la tabla `vacaciones`
--

CREATE TABLE `vacaciones` (
  `id_vacacion` bigint(20) UNSIGNED NOT NULL,
  `id_empleado` bigint(20) UNSIGNED NOT NULL,
  `fecha_inicio` date NOT NULL,
  `fecha_fin` date NOT NULL,
  `estado` enum('pendiente','aprobada','rechazada') NOT NULL DEFAULT 'pendiente',
  `created_at` timestamp NULL DEFAULT NULL,
  `updated_at` timestamp NULL DEFAULT NULL
) ENGINE=InnoDB DEFAULT CHARSET=utf8mb4 COLLATE=utf8mb4_unicode_ci;

--
-- Volcado de datos para la tabla `vacaciones`
--

INSERT INTO `vacaciones` (`id_vacacion`, `id_empleado`, `fecha_inicio`, `fecha_fin`, `estado`, `created_at`, `updated_at`) VALUES
(3, 6, '2025-06-24', '2025-06-26', 'aprobada', '2025-06-09 11:35:09', '2025-06-09 11:37:24'),
(4, 6, '2025-08-11', '2025-08-15', 'pendiente', '2025-06-09 14:27:58', '2025-06-09 14:27:58');

--
-- Índices para tablas volcadas
--

--
-- Indices de la tabla `empleados`
--
ALTER TABLE `empleados`
  ADD PRIMARY KEY (`id`),
  ADD UNIQUE KEY `empleados_email_unique` (`email`);

--
-- Indices de la tabla `empresas`
--
ALTER TABLE `empresas`
  ADD PRIMARY KEY (`id_empresa`),
  ADD UNIQUE KEY `empresas_cif_unique` (`cif`);

--
-- Indices de la tabla `failed_jobs`
--
ALTER TABLE `failed_jobs`
  ADD PRIMARY KEY (`id`),
  ADD UNIQUE KEY `failed_jobs_uuid_unique` (`uuid`);

--
-- Indices de la tabla `horarios`
--
ALTER TABLE `horarios`
  ADD PRIMARY KEY (`id_horario`),
  ADD KEY `horarios_id_empleado_foreign` (`id_empleado`);

--
-- Indices de la tabla `migrations`
--
ALTER TABLE `migrations`
  ADD PRIMARY KEY (`id`);

--
-- Indices de la tabla `nominas`
--
ALTER TABLE `nominas`
  ADD PRIMARY KEY (`id_nomina`),
  ADD KEY `nominas_id_empleado_foreign` (`id_empleado`),
  ADD KEY `nominas_id_empresa_foreign` (`id_empresa`);

--
-- Indices de la tabla `notificaciones`
--
ALTER TABLE `notificaciones`
  ADD PRIMARY KEY (`id_notificacion`),
  ADD KEY `notificaciones_id_empleado_foreign` (`id_empleado`);

--
-- Indices de la tabla `password_reset_tokens`
--
ALTER TABLE `password_reset_tokens`
  ADD PRIMARY KEY (`email`);

--
-- Indices de la tabla `personal_access_tokens`
--
ALTER TABLE `personal_access_tokens`
  ADD PRIMARY KEY (`id`),
  ADD UNIQUE KEY `personal_access_tokens_token_unique` (`token`),
  ADD KEY `personal_access_tokens_tokenable_type_tokenable_id_index` (`tokenable_type`,`tokenable_id`);

--
-- Indices de la tabla `vacaciones`
--
ALTER TABLE `vacaciones`
  ADD PRIMARY KEY (`id_vacacion`),
  ADD KEY `vacaciones_id_empleado_foreign` (`id_empleado`);

--
-- AUTO_INCREMENT de las tablas volcadas
--

--
-- AUTO_INCREMENT de la tabla `empleados`
--
ALTER TABLE `empleados`
  MODIFY `id` bigint(20) UNSIGNED NOT NULL AUTO_INCREMENT, AUTO_INCREMENT=15;

--
-- AUTO_INCREMENT de la tabla `empresas`
--
ALTER TABLE `empresas`
  MODIFY `id_empresa` bigint(20) UNSIGNED NOT NULL AUTO_INCREMENT, AUTO_INCREMENT=4;

--
-- AUTO_INCREMENT de la tabla `failed_jobs`
--
ALTER TABLE `failed_jobs`
  MODIFY `id` bigint(20) UNSIGNED NOT NULL AUTO_INCREMENT;

--
-- AUTO_INCREMENT de la tabla `horarios`
--
ALTER TABLE `horarios`
  MODIFY `id_horario` bigint(20) UNSIGNED NOT NULL AUTO_INCREMENT, AUTO_INCREMENT=2015;

--
-- AUTO_INCREMENT de la tabla `migrations`
--
ALTER TABLE `migrations`
  MODIFY `id` int(10) UNSIGNED NOT NULL AUTO_INCREMENT, AUTO_INCREMENT=15;

--
-- AUTO_INCREMENT de la tabla `nominas`
--
ALTER TABLE `nominas`
  MODIFY `id_nomina` bigint(20) UNSIGNED NOT NULL AUTO_INCREMENT, AUTO_INCREMENT=67;

--
-- AUTO_INCREMENT de la tabla `notificaciones`
--
ALTER TABLE `notificaciones`
  MODIFY `id_notificacion` bigint(20) UNSIGNED NOT NULL AUTO_INCREMENT;

--
-- AUTO_INCREMENT de la tabla `personal_access_tokens`
--
ALTER TABLE `personal_access_tokens`
  MODIFY `id` bigint(20) UNSIGNED NOT NULL AUTO_INCREMENT, AUTO_INCREMENT=87;

--
-- AUTO_INCREMENT de la tabla `vacaciones`
--
ALTER TABLE `vacaciones`
  MODIFY `id_vacacion` bigint(20) UNSIGNED NOT NULL AUTO_INCREMENT, AUTO_INCREMENT=5;

--
-- Restricciones para tablas volcadas
--

--
-- Filtros para la tabla `horarios`
--
ALTER TABLE `horarios`
  ADD CONSTRAINT `horarios_id_empleado_foreign` FOREIGN KEY (`id_empleado`) REFERENCES `empleados` (`id`) ON DELETE CASCADE;

--
-- Filtros para la tabla `nominas`
--
ALTER TABLE `nominas`
  ADD CONSTRAINT `nominas_id_empleado_foreign` FOREIGN KEY (`id_empleado`) REFERENCES `empleados` (`id`) ON DELETE CASCADE,
  ADD CONSTRAINT `nominas_id_empresa_foreign` FOREIGN KEY (`id_empresa`) REFERENCES `empresas` (`id_empresa`) ON DELETE CASCADE;

--
-- Filtros para la tabla `notificaciones`
--
ALTER TABLE `notificaciones`
  ADD CONSTRAINT `notificaciones_id_empleado_foreign` FOREIGN KEY (`id_empleado`) REFERENCES `empleados` (`id`) ON DELETE CASCADE;

--
-- Filtros para la tabla `vacaciones`
--
ALTER TABLE `vacaciones`
  ADD CONSTRAINT `vacaciones_id_empleado_foreign` FOREIGN KEY (`id_empleado`) REFERENCES `empleados` (`id`) ON DELETE CASCADE;
COMMIT;

/*!40101 SET CHARACTER_SET_CLIENT=@OLD_CHARACTER_SET_CLIENT */;
/*!40101 SET CHARACTER_SET_RESULTS=@OLD_CHARACTER_SET_RESULTS */;
/*!40101 SET COLLATION_CONNECTION=@OLD_COLLATION_CONNECTION */;
